Workbook

Sheet Scores
A1: Class | B1: Grade | C1: Period | D1: Student Name | E1: ELL? | F1: IEP? | G1: 1 | H1: 2 | I1: 3 | J1: 4 | K1: 5 | L1: 6 | M1: 7 | N1: 8 | O1: 9 | P1: 10 | Q1: 11 | R1: 12 | S1: 13 | T1: 14 | U1: 15 | V1: 16 | W1: 17 | X1: 18 | Y1: 19 | Z1: 20 | AA1: 21 | AB1: 22 | AC1: 23 | AD1: 24 | AE1: 25 | AF1: 26 | AG1: 27 | AH1: 28 | AI1: 29 | AJ1: 30 | AK1: 31 | AL1: 32 | AM1: 33 | AN1: 34a | AO1: 34b | AP1: Q1 | AQ1: Q2 | AR1: Q3 | AS1: Q4 | AT1: Q5 | AU1: Q6 | AV1: Q7 | AW1: Q8 | AX1: Q9 | AY1: Q10 | AZ1: Q11 | BA1: Q12 | BB1: Q13 | BC1: Q14 | BD1: Q15 | BE1: Q16 | BF1: Q17 | BG1: Q18 | BH1: Q19 | BI1: Q20 | BJ1: Q21 | BK1: Q22 | BL1: Q23 | BM1: Q24 | BN1: Q25 | BO1: Q26 | BP1: Q27 | BQ1: Q28
A2: Kovelsky | B2: 10 | C2: 4 | D2: 1 | G2: 4 | H2: 1 | I2: 3 | J2: 2 | K2: 4 | L2: 4 | M2: 2 | N2: 4 | O2: 1 | P2: 2 | Q2: 1 | R2: 4 | S2: 3 | T2: 4 | U2: 4 | V2: 2 | W2: 3 | X2: 4 | Y2: 1 | Z2: 2 | AA2: 4 | AB2: 2 | AC2: 2 | AD2: 3 | AE2: 3 | AF2: 4 | AG2: 2 | AH2: 2 | AI2: 1 | AJ2: 0 | AK2: 1 | AL2: 1 | AM2: 1 | AN2: 1 | AO2: 1 | AP2: =IF(G2=VLOOKUP(VALUE(G$1),Questions!$A:$E,5,FALSE),1,0) -> 1 | AQ2: =IF(H2=VLOOKUP(VALUE(H$1),Questions!$A:$E,5,FALSE),1,0) -> 1 | AR2: =IF(I2=VLOOKUP(VALUE(I$1),Questions!$A:$E,5,FALSE),1,0) -> 1 | AS2: =IF(J2=VLOOKUP(VALUE(J$1),Questions!$A:$E,5,FALSE),1,0) -> 1 | AT2: =IF(K2=VLOOKUP(VALUE(K$1),Questions!$A:$E,5,FALSE),1,0) -> 0 | AU2: =IF(L2=VLOOKUP(VALUE(L$1),Questions!$A:$E,5,FALSE),1,0) -> 0 | AV2: =IF(M2=VLOOKUP(VALUE(M$1),Questions!$A:$E,5,FALSE),1,0) -> 1 | AW2: =IF(N2=VLOOKUP(VALUE(N$1),Questions!$A:$E,5,FALSE),1,0) -> 0 | ... BQ2: =IF(AH2=VLOOKUP(VALUE(AH$1),Questions!$A:$E,5,FALSE),1,0) -> 1
A3: Kovelsky | B3: 10 | C3: 4 | D3: 2 | G3: 4 | H3: 1 | I3: 3 | J3: 4 | K3: 1 | L3: 2 | M3: 2 | N3: 3 | O3: 1 | P3: 1 | R3: 4 | S3: 2 | T3: 2 | U3: 3 | V3: 1 | W3: 4 | X3: 4 | Y3: 3 | Z3: 4 | AA3: 3 | AB3: 4 | AC3: 3 | AD3: 1 | AE3: 4 | AF3: 3 | AG3: 3 | AH3: 3 | AI3: 1 | AJ3: 0 | AK3: 1 | AL3: 1 | AM3: 1 | AN3: 1 | AO3: 1 | AP3: =IF(G3=VLOOKUP(VALUE(G$1),Questions!$A:$E,5,FALSE),1,0) -> 1 | AQ3: =IF(H3=VLOOKUP(VALUE(H$1),Questions!$A:$E,5,FALSE),1,0) -> 1 | AR3: =IF(I3=VLOOKUP(VALUE(I$1),Questions!$A:$E,5,FALSE),1,0) -> 1 | AS3: =IF(J3=VLOOKUP(VALUE(J$1),Questions!$A:$E,5,FALSE),1,0) -> 0 | AT3: =IF(K3=VLOOKUP(VALUE(K$1),Questions!$A:$E,5,FALSE),1,0) -> 1 | AU3: =IF(L3=VLOOKUP(VALUE(L$1),Questions!$A:$E,5,FALSE),1,0) -> 0 | AV3: =IF(M3=VLOOKUP(VALUE(M$1),Questions!$A:$E,5,FALSE),1,0) -> 1 | AW3: =IF(N3=VLOOKUP(VALUE(N$1),Questions!$A:$E,5,FALSE),1,0) -> 1 | ... BQ3: =IF(AH3=VLOOKUP(VALUE(AH$1),Questions!$A:$E,5,FALSE),1,0) -> 0
A4: Kovelsky | B4: 10 | C4: 4 | D4: 3 | G4: 4 | H4: 1 | I4: 3 | J4: 2 | K4: 1 | L4: 3 | M4: 4 | N4: 3 | O4: 1 | P4: 4 | Q4: 1 | R4: 4 | S4: 2 | T4: 3 | U4: 4 | V4: 3 | W4: 4 | X4: 4 | Y4: 1 | Z4: 3 | AA4: 4 | AB4: 1 | AC4: 2 | AD4: 4 | AE4: 2 | AF4: 4 | AG4: 1 | AH4: 3 | AP4: =IF(G4=VLOOKUP(VALUE(G$1),Questions!$A:$E,5,FALSE),1,0) -> 1 | AQ4: =IF(H4=VLOOKUP(VALUE(H$1),Questions!$A:$E,5,FALSE),1,0) -> 1 | AR4: =IF(I4=VLOOKUP(VALUE(I$1),Questions!$A:$E,5,FALSE),1,0) -> 1 | AS4: =IF(J4=VLOOKUP(VALUE(J$1),Questions!$A:$E,5,FALSE),1,0) -> 1 | AT4: =IF(K4=VLOOKUP(VALUE(K$1),Questions!$A:$E,5,FALSE),1,0) -> 1 | AU4: =IF(L4=VLOOKUP(VALUE(L$1),Questions!$A:$E,5,FALSE),1,0) -> 1 | AV4: =IF(M4=VLOOKUP(VALUE(M$1),Questions!$A:$E,5,FALSE),1,0) -> 0 | AW4: =IF(N4=VLOOKUP(VALUE(N$1),Questions!$A:$E,5,FALSE),1,0) -> 1 | ... BQ4: =IF(AH4=VLOOKUP(VALUE(AH$1),Questions!$A:$E,5,FALSE),1,0) -> 0
A5: Kovelsky | B5: 10 | C5: 4 | D5: 4 | G5: 4 | H5: 1 | I5: 3 | J5: 2 | K5: 1 | L5: 2 | M5: 4 | N5: 2 | O5: 1 | P5: 4 | Q5: 2 | R5: 2 | S5: 3 | T5: 2 | U5: 1 | V5: 2 | W5: 1 | X5: 3 | Y5: 4 | Z5: 1 | AA5: 3 | AB5: 2 | AC5: 1 | AD5: 3 | AE5: 1 | AF5: 3 | AG5: 2 | AH5: 2 | AI5: 1 | AJ5: 1 | AK5: 1 | AL5: 0 | AM5: 0 | AN5: 0 | AO5: 0 | AP5: =IF(G5=VLOOKUP(VALUE(G$1),Questions!$A:$E,5,FALSE),1,0) -> 1 | AQ5: =IF(H5=VLOOKUP(VALUE(H$1),Questions!$A:$E,5,FALSE),1,0) -> 1 | AR5: =IF(I5=VLOOKUP(VALUE(I$1),Questions!$A:$E,5,FALSE),1,0) -> 1 | AS5: =IF(J5=VLOOKUP(VALUE(J$1),Questions!$A:$E,5,FALSE),1,0) -> 1 | AT5: =IF(K5=VLOOKUP(VALUE(K$1),Questions!$A:$E,5,FALSE),1,0) -> 1 | AU5: =IF(L5=VLOOKUP(VALUE(L$1),Questions!$A:$E,5,FALSE),1,0) -> 0 | AV5: =IF(M5=VLOOKUP(VALUE(M$1),Questions!$A:$E,5,FALSE),1,0) -> 0 | AW5: =IF(N5=VLOOKUP(VALUE(N$1),Questions!$A:$E,5,FALSE),1,0) -> 0 | ... BQ5: =IF(AH5=VLOOKUP(VALUE(AH$1),Questions!$A:$E,5,FALSE),1,0) -> 1
A6: Kovelsky | B6: 10 | C6: 4 | D6: 5 | G6: 4 | H6: 1 | I6: 3 | J6: 2 | K6: 3 | L6: 3 | M6: 2 | N6: 3 | O6: 3 | P6: 4 | Q6: 1 | R6: 4 | S6: 2 | T6: 3 | U6: 4 | V6: 3 | W6: 4 | X6: 4 | Y6: 1 | Z6: 3 | AA6: 3 | AB6: 2 | AC6: 1 | AD6: 3 | AE6: 2 | AF6: 1 | AI6: 1 | AJ6: 1 | AK6: 1 | AL6: 1 | AM6: 1 | AN6: 1 | AO6: 0 | AP6: =IF(G6=VLOOKUP(VALUE(G$1),Questions!$A:$E,5,FALSE),1,0) -> 1 | AQ6: =IF(H6=VLOOKUP(VALUE(H$1),Questions!$A:$E,5,FALSE),1,0) -> 1 | AR6: =IF(I6=VLOOKUP(VALUE(I$1),Questions!$A:$E,5,FALSE),1,0) -> 1 | AS6: =IF(J6=VLOOKUP(VALUE(J$1),Questions!$A:$E,5,FALSE),1,0) -> 1 | AT6: =IF(K6=VLOOKUP(VALUE(K$1),Questions!$A:$E,5,FALSE),1,0) -> 0 | AU6: =IF(L6=VLOOKUP(VALUE(L$1),Questions!$A:$E,5,FALSE),1,0) -> 1 | AV6: =IF(M6=VLOOKUP(VALUE(M$1),Questions!$A:$E,5,FALSE),1,0) -> 1 | AW6: =IF(N6=VLOOKUP(VALUE(N$1),Questions!$A:$E,5,FALSE),1,0) -> 1 | ... BQ6: =IF(AH6=VLOOKUP(VALUE(AH$1),Questions!$A:$E,5,FALSE),1,0) -> 0
A7: Kovelsky | B7: 10 | C7: 4 | D7: 6 | G7: 2 | H7: 3 | I7: 3 | J7: 2 | K7: 3 | L7: 3 | M7: 2 | N7: 3 | O7: 1 | P7: 3 | Q7: 1 | R7: 4 | S7: 3 | T7: 3 | U7: 4 | V7: 3 | W7: 4 | X7: 3 | Y7: 1 | Z7: 3 | AA7: 4 | AB7: 2 | AC7: 3 | AD7: 4 | AE7: 2 | AF7: 4 | AG7: 2 | AH7: 2 | AP7: =IF(G7=VLOOKUP(VALUE(G$1),Questions!$A:$E,5,FALSE),1,0) -> 0 | AQ7: =IF(H7=VLOOKUP(VALUE(H$1),Questions!$A:$E,5,FALSE),1,0) -> 0 | AR7: =IF(I7=VLOOKUP(VALUE(I$1),Questions!$A:$E,5,FALSE),1,0) -> 1 | AS7: =IF(J7=VLOOKUP(VALUE(J$1),Questions!$A:$E,5,FALSE),1,0) -> 1 | AT7: =IF(K7=VLOOKUP(VALUE(K$1),Questions!$A:$E,5,FALSE),1,0) -> 0 | AU7: =IF(L7=VLOOKUP(VALUE(L$1),Questions!$A:$E,5,FALSE),1,0) -> 1 | AV7: =IF(M7=VLOOKUP(VALUE(M$1),Questions!$A:$E,5,FALSE),1,0) -> 1 | AW7: =IF(N7=VLOOKUP(VALUE(N$1),Questions!$A:$E,5,FALSE),1,0) -> 1 | ... BQ7: =IF(AH7=VLOOKUP(VALUE(AH$1),Questions!$A:$E,5,FALSE),1,0) -> 1
A8: Kovelsky | B8: 10 | C8: 4 | D8: 7 | G8: 4 | H8: 1 | I8: 3 | J8: 2 | K8: 1 | L8: 1 | M8: 2 | N8: 4 | O8: 1 | P8: 3 | Q8: 1 | R8: 4 | S8: 1 | T8: 2 | U8: 4 | V8: 3 | W8: 4 | X8: 4 | Y8: 1 | Z8: 3 | AA8: 4 | AB8: 2 | AC8: 2 | AD8: 1 | AE8: 3 | AF8: 1 | AG8: 2 | AH8: 2 | AI8: 1 | AJ8: 0 | AK8: 1 | AL8: 1 | AM8: 1 | AN8: 1 | AO8: 1 | AP8: =IF(G8=VLOOKUP(VALUE(G$1),Questions!$A:$E,5,FALSE),1,0) -> 1 | AQ8: =IF(H8=VLOOKUP(VALUE(H$1),Questions!$A:$E,5,FALSE),1,0) -> 1 | AR8: =IF(I8=VLOOKUP(VALUE(I$1),Questions!$A:$E,5,FALSE),1,0) -> 1 | AS8: =IF(J8=VLOOKUP(VALUE(J$1),Questions!$A:$E,5,FALSE),1,0) -> 1 | AT8: =IF(K8=VLOOKUP(VALUE(K$1),Questions!$A:$E,5,FALSE),1,0) -> 1 | AU8: =IF(L8=VLOOKUP(VALUE(L$1),Questions!$A:$E,5,FALSE),1,0) -> 0 | AV8: =IF(M8=VLOOKUP(VALUE(M$1),Questions!$A:$E,5,FALSE),1,0) -> 1 | AW8: =IF(N8=VLOOKUP(VALUE(N$1),Questions!$A:$E,5,FALSE),1,0) -> 0 | ... BQ8: =IF(AH8=VLOOKUP(VALUE(AH$1),Questions!$A:$E,5,FALSE),1,0) -> 1
A9: Kovelsky | B9: 10 | C9: 4 | D9: 8 | G9: 4 | H9: 1 | I9: 3 | J9: 2 | K9: 1 | L9: 3 | M9: 2 | N9: 3 | O9: 3 | P9: 4 | Q9: 1 | R9: 1 | S9: 2 | T9: 3 | U9: 4 | V9: 2 | W9: 1 | X9: 3 | Y9: 2 | Z9: 4 | AA9: 1 | AB9: 3 | AC9: 4 | AD9: 3 | AE9: 2 | AF9: 1 | AG9: 1 | AH9: 3 | AI9: 0 | AJ9: 1 | AK9: 1 | AL9: 1 | AM9: 1 | AN9: 1 | AO9: 0 | AP9: =IF(G9=VLOOKUP(VALUE(G$1),Questions!$A:$E,5,FALSE),1,0) -> 1 | AQ9: =IF(H9=VLOOKUP(VALUE(H$1),Questions!$A:$E,5,FALSE),1,0) -> 1 | AR9: =IF(I9=VLOOKUP(VALUE(I$1),Questions!$A:$E,5,FALSE),1,0) -> 1 | AS9: =IF(J9=VLOOKUP(VALUE(J$1),Questions!$A:$E,5,FALSE),1,0) -> 1 | AT9: =IF(K9=VLOOKUP(VALUE(K$1),Questions!$A:$E,5,FALSE),1,0) -> 1 | AU9: =IF(L9=VLOOKUP(VALUE(L$1),Questions!$A:$E,5,FALSE),1,0) -> 1 | AV9: =IF(M9=VLOOKUP(VALUE(M$1),Questions!$A:$E,5,FALSE),1,0) -> 1 | AW9: =IF(N9=VLOOKUP(VALUE(N$1),Questions!$A:$E,5,FALSE),1,0) -> 1 | ... BQ9: =IF(AH9=VLOOKUP(VALUE(AH$1),Questions!$A:$E,5,FALSE),1,0) -> 0
A10: Kovelsky | B10: 10 | C10: 4 | D10: 9 | AI10: 0 | AP10: =IF(G10=VLOOKUP(VALUE(G$1),Questions!$A:$E,5,FALSE),1,0) -> 0 | AQ10: =IF(H10=VLOOKUP(VALUE(H$1),Questions!$A:$E,5,FALSE),1,0) -> 0 | AR10: =IF(I10=VLOOKUP(VALUE(I$1),Questions!$A:$E,5,FALSE),1,0) -> 0 | AS10: =IF(J10=VLOOKUP(VALUE(J$1),Questions!$A:$E,5,FALSE),1,0) -> 0 | AT10: =IF(K10=VLOOKUP(VALUE(K$1),Questions!$A:$E,5,FALSE),1,0) -> 0 | AU10: =IF(L10=VLOOKUP(VALUE(L$1),Questions!$A:$E,5,FALSE),1,0) -> 0 | AV10: =IF(M10=VLOOKUP(VALUE(M$1),Questions!$A:$E,5,FALSE),1,0) -> 0 | AW10: =IF(N10=VLOOKUP(VALUE(N$1),Questions!$A:$E,5,FALSE),1,0) -> 0 | ... BQ10: =IF(AH10=VLOOKUP(VALUE(AH$1),Questions!$A:$E,5,FALSE),1,0) -> 0
A11: Kovelsky | B11: 10 | C11: 4 | D11: 10 | G11: 4 | H11: 1 | I11: 3 | J11: 2 | K11: 1 | L11: 3 | M11: 2 | N11: 3 | O11: 1 | P11: 4 | Q11: 1 | R11: 4 | S11: 2 | T11: 2 | U11: 4 | V11: 3 | W11: 4 | X11: 4 | Y11: 1 | Z11: 3 | AA11: 4 | AB11: 2 | AC11: 3 | AD11: 3 | AE11: 2 | AF11: 4 | AG11: 1 | AH11: 2 | AI11: 1 | AJ11: 1 | AK11: 1 | AL11: 1 | AM11: 1 | AN11: 1 | AO11: 1 | AP11: =IF(G11=VLOOKUP(VALUE(G$1),Questions!$A:$E,5,FALSE),1,0) -> 1 | AQ11: =IF(H11=VLOOKUP(VALUE(H$1),Questions!$A:$E,5,FALSE),1,0) -> 1 | AR11: =IF(I11=VLOOKUP(VALUE(I$1),Questions!$A:$E,5,FALSE),1,0) -> 1 | AS11: =IF(J11=VLOOKUP(VALUE(J$1),Questions!$A:$E,5,FALSE),1,0) -> 1 | AT11: =IF(K11=VLOOKUP(VALUE(K$1),Questions!$A:$E,5,FALSE),1,0) -> 1 | AU11: =IF(L11=VLOOKUP(VALUE(L$1),Questions!$A:$E,5,FALSE),1,0) -> 1 | AV11: =IF(M11=VLOOKUP(VALUE(M$1),Questions!$A:$E,5,FALSE),1,0) -> 1 | AW11: =IF(N11=VLOOKUP(VALUE(N$1),Questions!$A:$E,5,FALSE),1,0) -> 1 | ... BQ11: =IF(AH11=VLOOKUP(VALUE(AH$1),Questions!$A:$E,5,FALSE),1,0) -> 1
A12: Kovelsky | B12: 10 | C12: 4 | D12: 11 | G12: 4 | H12: 1 | I12: 3 | J12: 2 | K12: 3 | L12: 1 | M12: 2 | N12: 1 | O12: 1 | P12: 4 | Q12: 1 | R12: 4 | S12: 3 | T12: 2 | U12: 4 | V12: 3 | W12: 4 | X12: 4 | Y12: 1 | Z12: 3 | AA12: 4 | AB12: 2 | AC12: 4 | AD12: 3 | AI12: 0 | AJ12: 1 | AK12: 1 | AL12: 0 | AM12: 1 | AN12: 1 | AO12: 1 | AP12: =IF(G12=VLOOKUP(VALUE(G$1),Questions!$A:$E,5,FALSE),1,0) -> 1 | AQ12: =IF(H12=VLOOKUP(VALUE(H$1),Questions!$A:$E,5,FALSE),1,0) -> 1 | AR12: =IF(I12=VLOOKUP(VALUE(I$1),Questions!$A:$E,5,FALSE),1,0) -> 1 | AS12: =IF(J12=VLOOKUP(VALUE(J$1),Questions!$A:$E,5,FALSE),1,0) -> 1 | AT12: =IF(K12=VLOOKUP(VALUE(K$1),Questions!$A:$E,5,FALSE),1,0) -> 0 | AU12: =IF(L12=VLOOKUP(VALUE(L$1),Questions!$A:$E,5,FALSE),1,0) -> 0 | AV12: =IF(M12=VLOOKUP(VALUE(M$1),Questions!$A:$E,5,FALSE),1,0) -> 1 | AW12: =IF(N12=VLOOKUP(VALUE(N$1),Questions!$A:$E,5,FALSE),1,0) -> 0 | ... BQ12: =IF(AH12=VLOOKUP(VALUE(AH$1),Questions!$A:$E,5,FALSE),1,0) -> 0
A13: Kovelsky | B13: 10 | C13: 4 | D13: 12 | G13: 2 | H13: 4 | I13: 3 | J13: 1 | K13: 3 | L13: 1 | M13: 2 | N13: 3 | O13: 3 | P13: 4 | Q13: 3 | R13: 1 | S13: 2 | T13: 3 | U13: 2 | V13: 3 | W13: 1 | X13: 2 | Y13: 3 | Z13: 3 | AA13: 3 | AB13: 3 | AD13: 3 | AE13: 4 | AF13: 2 | AG13: 3 | AI13: 0 | AJ13: 0 | AK13: 0 | AL13: 1 | AM13: 0 | AN13: 0 | AO13: 1 | AP13: =IF(G13=VLOOKUP(VALUE(G$1),Questions!$A:$E,5,FALSE),1,0) -> 0 | AQ13: =IF(H13=VLOOKUP(VALUE(H$1),Questions!$A:$E,5,FALSE),1,0) -> 0 | AR13: =IF(I13=VLOOKUP(VALUE(I$1),Questions!$A:$E,5,FALSE),1,0) -> 1 | AS13: =IF(J13=VLOOKUP(VALUE(J$1),Questions!$A:$E,5,FALSE),1,0) -> 0 | AT13: =IF(K13=VLOOKUP(VALUE(K$1),Questions!$A:$E,5,FALSE),1,0) -> 0 | AU13: =IF(L13=VLOOKUP(VALUE(L$1),Questions!$A:$E,5,FALSE),1,0) -> 0 | AV13: =IF(M13=VLOOKUP(VALUE(M$1),Questions!$A:$E,5,FALSE),1,0) -> 1 | AW13: =IF(N13=VLOOKUP(VALUE(N$1),Questions!$A:$E,5,FALSE),1,0) -> 1 | ... BQ13: =IF(AH13=VLOOKUP(VALUE(AH$1),Questions!$A:$E,5,FALSE),1,0) -> 0
A14: Kovelsky | B14: 10 | C14: 4 | D14: 13 | G14: 3 | H14: 3 | I14: 3 | J14: 2 | K14: 4 | L14: 4 | M14: 1 | N14: 4 | O14: 1 | P14: 2 | Q14: 2 | R14: 1 | S14: 3 | T14: 3 | U14: 1 | V14: 1 | W14: 1 | X14: 1 | Y14: 1 | Z14: 2 | AA14: 1 | AB14: 2 | AC14: 2 | AD14: 3 | AE14: 3 | AF14: 1 | AG14: 3 | AH14: 1 | AP14: =IF(G14=VLOOKUP(VALUE(G$1),Questions!$A:$E,5,FALSE),1,0) -> 0 | AQ14: =IF(H14=VLOOKUP(VALUE(H$1),Questions!$A:$E,5,FALSE),1,0) -> 0 | AR14: =IF(I14=VLOOKUP(VALUE(I$1),Questions!$A:$E,5,FALSE),1,0) -> 1 | AS14: =IF(J14=VLOOKUP(VALUE(J$1),Questions!$A:$E,5,FALSE),1,0) -> 1 | AT14: =IF(K14=VLOOKUP(VALUE(K$1),Questions!$A:$E,5,FALSE),1,0) -> 0 | AU14: =IF(L14=VLOOKUP(VALUE(L$1),Questions!$A:$E,5,FALSE),1,0) -> 0 | AV14: =IF(M14=VLOOKUP(VALUE(M$1),Questions!$A:$E,5,FALSE),1,0) -> 0 | AW14: =IF(N14=VLOOKUP(VALUE(N$1),Questions!$A:$E,5,FALSE),1,0) -> 0 | ... BQ14: =IF(AH14=VLOOKUP(VALUE(AH$1),Questions!$A:$E,5,FALSE),1,0) -> 0
A15: Kovelsky | B15: 10 | C15: 4 | D15: 14 | G15: 4 | H15: 3 | I15: 3 | J15: 2 | K15: 1 | L15: 1 | M15: 4 | N15: 2 | O15: 3 | P15: 4 | Q15: 1 | R15: 1 | S15: 3 | T15: 3 | U15: 4 | V15: 3 | W15: 4 | X15: 3 | Y15: 1 | Z15: 3 | AA15: 4 | AB15: 3 | AD15: 3 | AE15: 2 | AF15: 4 | AG15: 1 | AH15: 2 | AI15: 0 | AJ15: 1 | AK15: 1 | AL15: 1 | AM15: 1 | AN15: 1 | AO15: 1 | AP15: =IF(G15=VLOOKUP(VALUE(G$1),Questions!$A:$E,5,FALSE),1,0) -> 1 | AQ15: =IF(H15=VLOOKUP(VALUE(H$1),Questions!$A:$E,5,FALSE),1,0) -> 0 | AR15: =IF(I15=VLOOKUP(VALUE(I$1),Questions!$A:$E,5,FALSE),1,0) -> 1 | AS15: =IF(J15=VLOOKUP(VALUE(J$1),Questions!$A:$E,5,FALSE),1,0) -> 1 | AT15: =IF(K15=VLOOKUP(VALUE(K$1),Questions!$A:$E,5,FALSE),1,0) -> 1 | AU15: =IF(L15=VLOOKUP(VALUE(L$1),Questions!$A:$E,5,FALSE),1,0) -> 0 | AV15: =IF(M15=VLOOKUP(VALUE(M$1),Questions!$A:$E,5,FALSE),1,0) -> 0 | AW15: =IF(N15=VLOOKUP(VALUE(N$1),Questions!$A:$E,5,FALSE),1,0) -> 0 | ... BQ15: =IF(AH15=VLOOKUP(VALUE(AH$1),Questions!$A:$E,5,FALSE),1,0) -> 1
A16: Kovelsky | B16: 10 | C16: 4 | D16: 15 | G16: 4 | H16: 1 | I16: 3 | J16: 2 | K16: 1 | L16: 2 | M16: 2 | N16: 3 | O16: 1 | P16: 3 | Q16: 1 | R16: 4 | S16: 2 | T16: 1 | U16: 4 | V16: 3 | W16: 4 | X16: 3 | Y16: 1 | Z16: 3 | AA16: 4 | AB16: 2 | AC16: 4 | AD16: 3 | AE16: 2 | AF16: 1 | AG16: 1 | AH16: 1 | AI16: 1 | AJ16: 1 | AK16: 1 | AL16: 1 | AM16: 1 | AN16: 1 | AO16: 1 | AP16: =IF(G16=VLOOKUP(VALUE(G$1),Questions!$A:$E,5,FALSE),1,0) -> 1 | AQ16: =IF(H16=VLOOKUP(VALUE(H$1),Questions!$A:$E,5,FALSE),1,0) -> 1 | AR16: =IF(I16=VLOOKUP(VALUE(I$1),Questions!$A:$E,5,FALSE),1,0) -> 1 | AS16: =IF(J16=VLOOKUP(VALUE(J$1),Questions!$A:$E,5,FALSE),1,0) -> 1 | AT16: =IF(K16=VLOOKUP(VALUE(K$1),Questions!$A:$E,5,FALSE),1,0) -> 1 | AU16: =IF(L16=VLOOKUP(VALUE(L$1),Questions!$A:$E,5,FALSE),1,0) -> 0 | AV16: =IF(M16=VLOOKUP(VALUE(M$1),Questions!$A:$E,5,FALSE),1,0) -> 1 | AW16: =IF(N16=VLOOKUP(VALUE(N$1),Questions!$A:$E,5,FALSE),1,0) -> 1 | ... BQ16: =IF(AH16=VLOOKUP(VALUE(AH$1),Questions!$A:$E,5,FALSE),1,0) -> 0
A17: Kovelsky | B17: 10 | C17: 4 | D17: 16 | G17: 4 | H17: 1 | I17: 3 | J17: 2 | K17: 1 | L17: 2 | M17: 1 | N17: 4 | O17: 3 | P17: 4 | Q17: 1 | R17: 1 | S17: 3 | T17: 2 | U17: 3 | V17: 3 | W17: 1 | X17: 3 | Y17: 1 | Z17: 2 | AA17: 3 | AB17: 2 | AC17: 4 | AD17: 3 | AE17: 1 | AF17: 3 | AG17: 2 | AH17: 2 | AP17: =IF(G17=VLOOKUP(VALUE(G$1),Questions!$A:$E,5,FALSE),1,0) -> 1 | AQ17: =IF(H17=VLOOKUP(VALUE(H$1),Questions!$A:$E,5,FALSE),1,0) -> 1 | AR17: =IF(I17=VLOOKUP(VALUE(I$1),Questions!$A:$E,5,FALSE),1,0) -> 1 | AS17: =IF(J17=VLOOKUP(VALUE(J$1),Questions!$A:$E,5,FALSE),1,0) -> 1 | AT17: =IF(K17=VLOOKUP(VALUE(K$1),Questions!$A:$E,5,FALSE),1,0) -> 1 | AU17: =IF(L17=VLOOKUP(VALUE(L$1),Questions!$A:$E,5,FALSE),1,0) -> 0 | AV17: =IF(M17=VLOOKUP(VALUE(M$1),Questions!$A:$E,5,FALSE),1,0) -> 0 | AW17: =IF(N17=VLOOKUP(VALUE(N$1),Questions!$A:$E,5,FALSE),1,0) -> 0 | ... BQ17: =IF(AH17=VLOOKUP(VALUE(AH$1),Questions!$A:$E,5,FALSE),1,0) -> 1
A18: Kovelsky | B18: 10 | C18: 4 | D18: 17 | AP18: =IF(G18=VLOOKUP(VALUE(G$1),Questions!$A:$E,5,FALSE),1,0) -> 0 | AQ18: =IF(H18=VLOOKUP(VALUE(H$1),Questions!$A:$E,5,FALSE),1,0) -> 0 | AR18: =IF(I18=VLOOKUP(VALUE(I$1),Questions!$A:$E,5,FALSE),1,0) -> 0 | AS18: =IF(J18=VLOOKUP(VALUE(J$1),Questions!$A:$E,5,FALSE),1,0) -> 0 | AT18: =IF(K18=VLOOKUP(VALUE(K$1),Questions!$A:$E,5,FALSE),1,0) -> 0 | AU18: =IF(L18=VLOOKUP(VALUE(L$1),Questions!$A:$E,5,FALSE),1,0) -> 0 | AV18: =IF(M18=VLOOKUP(VALUE(M$1),Questions!$A:$E,5,FALSE),1,0) -> 0 | AW18: =IF(N18=VLOOKUP(VALUE(N$1),Questions!$A:$E,5,FALSE),1,0) -> 0 | ... BQ18: =IF(AH18=VLOOKUP(VALUE(AH$1),Questions!$A:$E,5,FALSE),1,0) -> 0
A19: Kovelsky | B19: 10 | C19: 4 | D19: 18 | G19: 4 | H19: 1 | I19: 3 | J19: 1 | K19: 1 | L19: 4 | M19: 2 | N19: 4 | O19: 3 | P19: 3 | Q19: 1 | R19: 4 | S19: 2 | T19: 4 | U19: 1 | V19: 3 | W19: 1 | X19: 3 | Y19: 3 | Z19: 1 | AA19: 2 | AB19: 3 | AC19: 1 | AD19: 3 | AE19: 4 | AF19: 2 | AG19: 1 | AH19: 3 | AI19: 0 | AJ19: 1 | AK19: 1 | AL19: 1 | AM19: 1 | AN19: 1 | AO19: 0 | AP19: =IF(G19=VLOOKUP(VALUE(G$1),Questions!$A:$E,5,FALSE),1,0) -> 1 | AQ19: =IF(H19=VLOOKUP(VALUE(H$1),Questions!$A:$E,5,FALSE),1,0) -> 1 | AR19: =IF(I19=VLOOKUP(VALUE(I$1),Questions!$A:$E,5,FALSE),1,0) -> 1 | AS19: =IF(J19=VLOOKUP(VALUE(J$1),Questions!$A:$E,5,FALSE),1,0) -> 0 | AT19: =IF(K19=VLOOKUP(VALUE(K$1),Questions!$A:$E,5,FALSE),1,0) -> 1 | AU19: =IF(L19=VLOOKUP(VALUE(L$1),Questions!$A:$E,5,FALSE),1,0) -> 0 | AV19: =IF(M19=VLOOKUP(VALUE(M$1),Questions!$A:$E,5,FALSE),1,0) -> 1 | AW19: =IF(N19=VLOOKUP(VALUE(N$1),Questions!$A:$E,5,FALSE),1,0) -> 0 | ... BQ19: =IF(AH19=VLOOKUP(VALUE(AH$1),Questions!$A:$E,5,FALSE),1,0) -> 0
A20: Kovelsky | B20: 10 | C20: 4 | D20: 19 | G20: 4 | H20: 1 | I20: 3 | J20: 2 | K20: 1 | L20: 2 | M20: 2 | N20: 3 | O20: 1 | P20: 2 | Q20: 1 | R20: 4 | S20: 3 | T20: 2 | U20: 4 | V20: 3 | W20: 4 | X20: 3 | Y20: 1 | Z20: 3 | AA20: 3 | AB20: 2 | AC20: 3 | AD20: 3 | AE20: 3 | AF20: 4 | AG20: 2 | AH20: 3 | AI20: 1 | AJ20: 1 | AK20: 1 | AL20: 1 | AM20: 1 | AN20: 1 | AO20: 1 | AP20: =IF(G20=VLOOKUP(VALUE(G$1),Questions!$A:$E,5,FALSE),1,0) -> 1 | AQ20: =IF(H20=VLOOKUP(VALUE(H$1),Questions!$A:$E,5,FALSE),1,0) -> 1 | AR20: =IF(I20=VLOOKUP(VALUE(I$1),Questions!$A:$E,5,FALSE),1,0) -> 1 | AS20: =IF(J20=VLOOKUP(VALUE(J$1),Questions!$A:$E,5,FALSE),1,0) -> 1 | AT20: =IF(K20=VLOOKUP(VALUE(K$1),Questions!$A:$E,5,FALSE),1,0) -> 1 | AU20: =IF(L20=VLOOKUP(VALUE(L$1),Questions!$A:$E,5,FALSE),1,0) -> 0 | AV20: =IF(M20=VLOOKUP(VALUE(M$1),Questions!$A:$E,5,FALSE),1,0) -> 1 | AW20: =IF(N20=VLOOKUP(VALUE(N$1),Questions!$A:$E,5,FALSE),1,0) -> 1 | ... BQ20: =IF(AH20=VLOOKUP(VALUE(AH$1),Questions!$A:$E,5,FALSE),1,0) -> 0
A21: Kovelsky | B21: 10 | C21: 4 | D21: 20 | G21: 3 | H21: 3 | I21: 1 | J21: 2 | K21: 3 | L21: 2 | M21: 2 | N21: 4 | O21: 1 | P21: 4 | Q21: 1 | R21: 2 | S21: 3 | T21: 1 | U21: 1 | V21: 4 | W21: 2 | X21: 1 | Y21: 1 | Z21: 3 | AA21: 4 | AB21: 3 | AC21: 3 | AD21: 1 | AE21: 1 | AF21: 4 | AG21: 2 | AH21: 3 | AP21: =IF(G21=VLOOKUP(VALUE(G$1),Questions!$A:$E,5,FALSE),1,0) -> 0 | AQ21: =IF(H21=VLOOKUP(VALUE(H$1),Questions!$A:$E,5,FALSE),1,0) -> 0 | AR21: =IF(I21=VLOOKUP(VALUE(I$1),Questions!$A:$E,5,FALSE),1,0) -> 0 | AS21: =IF(J21=VLOOKUP(VALUE(J$1),Questions!$A:$E,5,FALSE),1,0) -> 1 | AT21: =IF(K21=VLOOKUP(VALUE(K$1),Questions!$A:$E,5,FALSE),1,0) -> 0 | AU21: =IF(L21=VLOOKUP(VALUE(L$1),Questions!$A:$E,5,FALSE),1,0) -> 0 | AV21: =IF(M21=VLOOKUP(VALUE(M$1),Questions!$A:$E,5,FALSE),1,0) -> 1 | AW21: =IF(N21=VLOOKUP(VALUE(N$1),Questions!$A:$E,5,FALSE),1,0) -> 0 | ... BQ21: =IF(AH21=VLOOKUP(VALUE(AH$1),Questions!$A:$E,5,FALSE),1,0) -> 0
A22: Kovelsky | B22: 10 | C22: 4 | D22: 21 | G22: 4 | H22: 1 | I22: 3 | J22: 2 | K22: 3 | L22: 1 | M22: 2 | N22: 1 | O22: 1 | P22: 3 | Q22: 1 | R22: 4 | S22: 2 | T22: 2 | U22: 3 | V22: 1 | W22: 2 | X22: 4 | Y22: 1 | Z22: 3 | AA22: 4 | AB22: 2 | AC22: 2 | AD22: 3 | AE22: 4 | AF22: 4 | AG22: 3 | AH22: 2 | AI22: 0 | AJ22: 1 | AK22: 1 | AL22: 1 | AM22: 1 | AN22: 1 | AO22: 1 | AP22: =IF(G22=VLOOKUP(VALUE(G$1),Questions!$A:$E,5,FALSE),1,0) -> 1 | AQ22: =IF(H22=VLOOKUP(VALUE(H$1),Questions!$A:$E,5,FALSE),1,0) -> 1 | AR22: =IF(I22=VLOOKUP(VALUE(I$1),Questions!$A:$E,5,FALSE),1,0) -> 1 | AS22: =IF(J22=VLOOKUP(VALUE(J$1),Questions!$A:$E,5,FALSE),1,0) -> 1 | AT22: =IF(K22=VLOOKUP(VALUE(K$1),Questions!$A:$E,5,FALSE),1,0) -> 0 | AU22: =IF(L22=VLOOKUP(VALUE(L$1),Questions!$A:$E,5,FALSE),1,0) -> 0 | AV22: =IF(M22=VLOOKUP(VALUE(M$1),Questions!$A:$E,5,FALSE),1,0) -> 1 | AW22: =IF(N22=VLOOKUP(VALUE(N$1),Questions!$A:$E,5,FALSE),1,0) -> 0 | ... BQ22: =IF(AH22=VLOOKUP(VALUE(AH$1),Questions!$A:$E,5,FALSE),1,0) -> 1
A23: Kovelsky | B23: 10 | C23: 4 | D23: 22 | G23: 4 | H23: 1 | I23: 3 | J23: 2 | K23: 3 | L23: 1 | M23: 2 | N23: 1 | O23: 1 | P23: 3 | Q23: 1 | R23: 4 | S23: 2 | T23: 2 | U23: 3 | V23: 1 | W23: 2 | X23: 4 | Y23: 1 | Z23: 3 | AA23: 4 | AB23: 2 | AC23: 2 | AD23: 3 | AE23: 4 | AF23: 4 | AG23: 3 | AH23: 2 | AI23: 1 | AJ23: 0 | AK23: 1 | AL23: 0 | AM23: 1 | AN23: 1 | AO23: 1 | AP23: =IF(G23=VLOOKUP(VALUE(G$1),Questions!$A:$E,5,FALSE),1,0) -> 1 | AQ23: =IF(H23=VLOOKUP(VALUE(H$1),Questions!$A:$E,5,FALSE),1,0) -> 1 | AR23: =IF(I23=VLOOKUP(VALUE(I$1),Questions!$A:$E,5,FALSE),1,0) -> 1 | AS23: =IF(J23=VLOOKUP(VALUE(J$1),Questions!$A:$E,5,FALSE),1,0) -> 1 | AT23: =IF(K23=VLOOKUP(VALUE(K$1),Questions!$A:$E,5,FALSE),1,0) -> 0 | AU23: =IF(L23=VLOOKUP(VALUE(L$1),Questions!$A:$E,5,FALSE),1,0) -> 0 | AV23: =IF(M23=VLOOKUP(VALUE(M$1),Questions!$A:$E,5,FALSE),1,0) -> 1 | AW23: =IF(N23=VLOOKUP(VALUE(N$1),Questions!$A:$E,5,FALSE),1,0) -> 0 | ... BQ23: =IF(AH23=VLOOKUP(VALUE(AH$1),Questions!$A:$E,5,FALSE),1,0) -> 1
A24: Kovelsky | B24: 10 | C24: 4 | D24: 23 | AI24: 0 | AJ24: 0 | AK24: 1 | AL24: 0 | AM24: 1 | AN24: 1 | AO24: 1 | AP24: =IF(G24=VLOOKUP(VALUE(G$1),Questions!$A:$E,5,FALSE),1,0) -> 0 | AQ24: =IF(H24=VLOOKUP(VALUE(H$1),Questions!$A:$E,5,FALSE),1,0) -> 0 | AR24: =IF(I24=VLOOKUP(VALUE(I$1),Questions!$A:$E,5,FALSE),1,0) -> 0 | AS24: =IF(J24=VLOOKUP(VALUE(J$1),Questions!$A:$E,5,FALSE),1,0) -> 0 | AT24: =IF(K24=VLOOKUP(VALUE(K$1),Questions!$A:$E,5,FALSE),1,0) -> 0 | AU24: =IF(L24=VLOOKUP(VALUE(L$1),Questions!$A:$E,5,FALSE),1,0) -> 0 | AV24: =IF(M24=VLOOKUP(VALUE(M$1),Questions!$A:$E,5,FALSE),1,0) -> 0 | AW24: =IF(N24=VLOOKUP(VALUE(N$1),Questions!$A:$E,5,FALSE),1,0) -> 0 | ... BQ24: =IF(AH24=VLOOKUP(VALUE(AH$1),Questions!$A:$E,5,FALSE),1,0) -> 0
A25: Kovelsky | B25: 10 | C25: 4 | D25: 24 | G25: 4 | H25: 1 | I25: 3 | J25: 2 | K25: 4 | L25: 1 | M25: 2 | N25: 1 | O25: 1 | P25: 4 | Q25: 1 | R25: 4 | S25: 3 | T25: 2 | U25: 4 | V25: 3 | W25: 4 | X25: 4 | Y25: 1 | Z25: 3 | AA25: 4 | AB25: 2 | AC25: 4 | AD25: 3 | AE25: 2 | AF25: 4 | AG25: 2 | AH25: 2 | AI25: 0 | AJ25: 1 | AK25: 1 | AL25: 1 | AM25: 1 | AN25: 1 | AO25: 1 | AP25: =IF(G25=VLOOKUP(VALUE(G$1),Questions!$A:$E,5,FALSE),1,0) -> 1 | AQ25: =IF(H25=VLOOKUP(VALUE(H$1),Questions!$A:$E,5,FALSE),1,0) -> 1 | AR25: =IF(I25=VLOOKUP(VALUE(I$1),Questions!$A:$E,5,FALSE),1,0) -> 1 | AS25: =IF(J25=VLOOKUP(VALUE(J$1),Questions!$A:$E,5,FALSE),1,0) -> 1 | AT25: =IF(K25=VLOOKUP(VALUE(K$1),Questions!$A:$E,5,FALSE),1,0) -> 0 | AU25: =IF(L25=VLOOKUP(VALUE(L$1),Questions!$A:$E,5,FALSE),1,0) -> 0 | AV25: =IF(M25=VLOOKUP(VALUE(M$1),Questions!$A:$E,5,FALSE),1,0) -> 1 | AW25: =IF(N25=VLOOKUP(VALUE(N$1),Questions!$A:$E,5,FALSE),1,0) -> 0 | ... BQ25: =IF(AH25=VLOOKUP(VALUE(AH$1),Questions!$A:$E,5,FALSE),1,0) -> 1
A26: Kovelsky | B26: 10 | C26: 4 | D26: 25 | G26: 4 | H26: 1 | I26: 3 | J26: 2 | K26: 1 | L26: 3 | M26: 2 | N26: 2 | O26: 3 | P26: 3 | Q26: 1 | R26: 4 | S26: 3 | T26: 3 | U26: 4 | V26: 3 | W26: 4 | X26: 3 | Y26: 1 | Z26: 3 | AA26: 1 | AB26: 3 | AC26: 4 | AD26: 4 | AE26: 1 | AF26: 2 | AG26: 2 | AH26: 3 | AI26: 1 | AJ26: 1 | AK26: 1 | AL26: 1 | AM26: 0 | AN26: 1 | AO26: 1 | AP26: =IF(G26=VLOOKUP(VALUE(G$1),Questions!$A:$E,5,FALSE),1,0) -> 1 | AQ26: =IF(H26=VLOOKUP(VALUE(H$1),Questions!$A:$E,5,FALSE),1,0) -> 1 | AR26: =IF(I26=VLOOKUP(VALUE(I$1),Questions!$A:$E,5,FALSE),1,0) -> 1 | AS26: =IF(J26=VLOOKUP(VALUE(J$1),Questions!$A:$E,5,FALSE),1,0) -> 1 | AT26: =IF(K26=VLOOKUP(VALUE(K$1),Questions!$A:$E,5,FALSE),1,0) -> 1 | AU26: =IF(L26=VLOOKUP(VALUE(L$1),Questions!$A:$E,5,FALSE),1,0) -> 1 | AV26: =IF(M26=VLOOKUP(VALUE(M$1),Questions!$A:$E,5,FALSE),1,0) -> 1 | AW26: =IF(N26=VLOOKUP(VALUE(N$1),Questions!$A:$E,5,FALSE),1,0) -> 0 | ... BQ26: =IF(AH26=VLOOKUP(VALUE(AH$1),Questions!$A:$E,5,FALSE),1,0) -> 0
A27: Kovelsky | B27: 10 | C27: 4 | D27: 26 | G27: 4 | H27: 1 | I27: 3 | J27: 2 | K27: 1 | L27: 3 | M27: 4 | N27: 4 | O27: 1 | P27: 3 | Q27: 1 | R27: 4 | S27: 3 | T27: 2 | U27: 4 | V27: 3 | W27: 4 | X27: 3 | Y27: 1 | Z27: 3 | AA27: 4 | AB27: 2 | AC27: 2 | AD27: 3 | AE27: 1 | AF27: 4 | AG27: 1 | AH27: 2 | AI27: 1 | AJ27: 0 | AK27: 1 | AL27: 1 | AM27: 1 | AN27: 1 | AO27: 1 | AP27: =IF(G27=VLOOKUP(VALUE(G$1),Questions!$A:$E,5,FALSE),1,0) -> 1 | AQ27: =IF(H27=VLOOKUP(VALUE(H$1),Questions!$A:$E,5,FALSE),1,0) -> 1 | AR27: =IF(I27=VLOOKUP(VALUE(I$1),Questions!$A:$E,5,FALSE),1,0) -> 1 | AS27: =IF(J27=VLOOKUP(VALUE(J$1),Questions!$A:$E,5,FALSE),1,0) -> 1 | AT27: =IF(K27=VLOOKUP(VALUE(K$1),Questions!$A:$E,5,FALSE),1,0) -> 1 | AU27: =IF(L27=VLOOKUP(VALUE(L$1),Questions!$A:$E,5,FALSE),1,0) -> 1 | AV27: =IF(M27=VLOOKUP(VALUE(M$1),Questions!$A:$E,5,FALSE),1,0) -> 0 | AW27: =IF(N27=VLOOKUP(VALUE(N$1),Questions!$A:$E,5,FALSE),1,0) -> 0 | ... BQ27: =IF(AH27=VLOOKUP(VALUE(AH$1),Questions!$A:$E,5,FALSE),1,0) -> 1
A28: Kovelsky | B28: 10 | C28: 4 | D28: 27 | AI28: 0 | AJ28: 1 | AK28: 1 | AL28: 1 | AM28: 1 | AN28: 1 | AO28: 1 | AP28: =IF(G28=VLOOKUP(VALUE(G$1),Questions!$A:$E,5,FALSE),1,0) -> 0 | AQ28: =IF(H28=VLOOKUP(VALUE(H$1),Questions!$A:$E,5,FALSE),1,0) -> 0 | AR28: =IF(I28=VLOOKUP(VALUE(I$1),Questions!$A:$E,5,FALSE),1,0) -> 0 | AS28: =IF(J28=VLOOKUP(VALUE(J$1),Questions!$A:$E,5,FALSE),1,0) -> 0 | AT28: =IF(K28=VLOOKUP(VALUE(K$1),Questions!$A:$E,5,FALSE),1,0) -> 0 | AU28: =IF(L28=VLOOKUP(VALUE(L$1),Questions!$A:$E,5,FALSE),1,0) -> 0 | AV28: =IF(M28=VLOOKUP(VALUE(M$1),Questions!$A:$E,5,FALSE),1,0) -> 0 | AW28: =IF(N28=VLOOKUP(VALUE(N$1),Questions!$A:$E,5,FALSE),1,0) -> 0 | ... BQ28: =IF(AH28=VLOOKUP(VALUE(AH$1),Questions!$A:$E,5,FALSE),1,0) -> 0
A29: Kovelsky | B29: 10 | C29: 4 | D29: 28 | G29: 4 | H29: 3 | I29: 4 | J29: 2 | K29: 3 | L29: 3 | M29: 1 | N29: 3 | O29: 1 | P29: 4 | Q29: 1 | R29: 4 | S29: 3 | T29: 2 | U29: 3 | V29: 3 | W29: 4 | X29: 3 | Y29: 1 | Z29: 3 | AA29: 4 | AB29: 2 | AC29: 4 | AD29: 3 | AE29: 1 | AF29: 4 | AG29: 2 | AH29: 2 | AI29: 0 | AJ29: 0 | AK29: 0 | AL29: 0 | AM29: 0 | AN29: 0 | AO29: 0 | AP29: =IF(G29=VLOOKUP(VALUE(G$1),Questions!$A:$E,5,FALSE),1,0) -> 1 | AQ29: =IF(H29=VLOOKUP(VALUE(H$1),Questions!$A:$E,5,FALSE),1,0) -> 0 | AR29: =IF(I29=VLOOKUP(VALUE(I$1),Questions!$A:$E,5,FALSE),1,0) -> 0 | AS29: =IF(J29=VLOOKUP(VALUE(J$1),Questions!$A:$E,5,FALSE),1,0) -> 1 | AT29: =IF(K29=VLOOKUP(VALUE(K$1),Questions!$A:$E,5,FALSE),1,0) -> 0 | AU29: =IF(L29=VLOOKUP(VALUE(L$1),Questions!$A:$E,5,FALSE),1,0) -> 1 | AV29: =IF(M29=VLOOKUP(VALUE(M$1),Questions!$A:$E,5,FALSE),1,0) -> 0 | AW29: =IF(N29=VLOOKUP(VALUE(N$1),Questions!$A:$E,5,FALSE),1,0) -> 1 | ... BQ29: =IF(AH29=VLOOKUP(VALUE(AH$1),Questions!$A:$E,5,FALSE),1,0) -> 1
A30: Kovelsky | B30: 10 | C30: 4 | D30: 29 | G30: 4 | H30: 1 | I30: 2 | J30: 4 | K30: 4 | L30: 3 | M30: 2 | N30: 3 | O30: 1 | P30: 3 | Q30: 4 | R30: 2 | S30: 3 | T30: 1 | U30: 2 | V30: 2 | W30: 1 | X30: 3 | Y30: 1 | Z30: 4 | AA30: 1 | AB30: 4 | AC30: 4 | AD30: 3 | AE30: 3 | AF30: 2 | AG30: 1 | AP30: =IF(G30=VLOOKUP(VALUE(G$1),Questions!$A:$E,5,FALSE),1,0) -> 1 | AQ30: =IF(H30=VLOOKUP(VALUE(H$1),Questions!$A:$E,5,FALSE),1,0) -> 1 | AR30: =IF(I30=VLOOKUP(VALUE(I$1),Questions!$A:$E,5,FALSE),1,0) -> 0 | AS30: =IF(J30=VLOOKUP(VALUE(J$1),Questions!$A:$E,5,FALSE),1,0) -> 0 | AT30: =IF(K30=VLOOKUP(VALUE(K$1),Questions!$A:$E,5,FALSE),1,0) -> 0 | AU30: =IF(L30=VLOOKUP(VALUE(L$1),Questions!$A:$E,5,FALSE),1,0) -> 1 | AV30: =IF(M30=VLOOKUP(VALUE(M$1),Questions!$A:$E,5,FALSE),1,0) -> 1 | AW30: =IF(N30=VLOOKUP(VALUE(N$1),Questions!$A:$E,5,FALSE),1,0) -> 1 | ... BQ30: =IF(AH30=VLOOKUP(VALUE(AH$1),Questions!$A:$E,5,FALSE),1,0) -> 0
A31: Kovelsky | B31: 10 | C31: 4 | D31: 30 | G31: 1 | H31: 1 | I31: 3 | J31: 2 | K31: 3 | L31: 1 | M31: 2 | N31: 4 | O31: 3 | P31: 4 | Q31: 1 | R31: 1 | S31: 3 | T31: 4 | U31: 1 | V31: 2 | W31: 1 | X31: 3 | Y31: 3 | Z31: 4 | AA31: 4 | AB31: 2 | AC31: 3 | AD31: 3 | AE31: 2 | AF31: 4 | AG31: 1 | AH31: 3 | AI31: 0 | AJ31: 1 | AK31: 0 | AL31: 0 | AM31: 0 | AN31: 0 | AO31: 0 | AP31: =IF(G31=VLOOKUP(VALUE(G$1),Questions!$A:$E,5,FALSE),1,0) -> 0 | AQ31: =IF(H31=VLOOKUP(VALUE(H$1),Questions!$A:$E,5,FALSE),1,0) -> 1 | AR31: =IF(I31=VLOOKUP(VALUE(I$1),Questions!$A:$E,5,FALSE),1,0) -> 1 | AS31: =IF(J31=VLOOKUP(VALUE(J$1),Questions!$A:$E,5,FALSE),1,0) -> 1 | AT31: =IF(K31=VLOOKUP(VALUE(K$1),Questions!$A:$E,5,FALSE),1,0) -> 0 | AU31: =IF(L31=VLOOKUP(VALUE(L$1),Questions!$A:$E,5,FALSE),1,0) -> 0 | AV31: =IF(M31=VLOOKUP(VALUE(M$1),Questions!$A:$E,5,FALSE),1,0) -> 1 | AW31: =IF(N31=VLOOKUP(VALUE(N$1),Questions!$A:$E,5,FALSE),1,0) -> 0 | ... BQ31: =IF(AH31=VLOOKUP(VALUE(AH$1),Questions!$A:$E,5,FALSE),1,0) -> 0
A32: Kovelsky | B32: 10 | C32: 4 | D32: 31 | G32: 4 | H32: 1 | I32: 3 | J32: 2 | K32: 1 | L32: 3 | M32: 2 | N32: 1 | O32: 1 | P32: 3 | Q32: 1 | R32: 4 | S32: 3 | T32: 4 | U32: 4 | V32: 3 | W32: 4 | X32: 3 | Y32: 1 | Z32: 3 | AA32: 4 | AB32: 2 | AC32: 3 | AD32: 3 | AE32: 2 | AF32: 4 | AG32: 1 | AH32: 2 | AI32: 1 | AJ32: 1 | AK32: 1 | AL32: 1 | AM32: 1 | AN32: 1 | AO32: 1 | AP32: =IF(G32=VLOOKUP(VALUE(G$1),Questions!$A:$E,5,FALSE),1,0) -> 1 | AQ32: =IF(H32=VLOOKUP(VALUE(H$1),Questions!$A:$E,5,FALSE),1,0) -> 1 | AR32: =IF(I32=VLOOKUP(VALUE(I$1),Questions!$A:$E,5,FALSE),1,0) -> 1 | AS32: =IF(J32=VLOOKUP(VALUE(J$1),Questions!$A:$E,5,FALSE),1,0) -> 1 | AT32: =IF(K32=VLOOKUP(VALUE(K$1),Questions!$A:$E,5,FALSE),1,0) -> 1 | AU32: =IF(L32=VLOOKUP(VALUE(L$1),Questions!$A:$E,5,FALSE),1,0) -> 1 | AV32: =IF(M32=VLOOKUP(VALUE(M$1),Questions!$A:$E,5,FALSE),1,0) -> 1 | AW32: =IF(N32=VLOOKUP(VALUE(N$1),Questions!$A:$E,5,FALSE),1,0) -> 0 | ... BQ32: =IF(AH32=VLOOKUP(VALUE(AH$1),Questions!$A:$E,5,FALSE),1,0) -> 1
A33: Dushin | B33: 10 | C33: 1 | D33: 32 | G33: 4 | H33: 1 | I33: 4 | J33: 2 | K33: 1 | L33: 3 | M33: 2 | N33: 3 | O33: 1 | P33: 3 | Q33: 1 | R33: 4 | S33: 3 | T33: 3 | U33: 4 | V33: 3 | W33: 3 | X33: 4 | Y33: 1 | Z33: 3 | AA33: 4 | AB33: 1 | AC33: 2 | AD33: 3 | AE33: 2 | AF33: 4 | AP33: =IF(G33=VLOOKUP(VALUE(G$1),Questions!$A:$E,5,FALSE),1,0) -> 1 | AQ33: =IF(H33=VLOOKUP(VALUE(H$1),Questions!$A:$E,5,FALSE),1,0) -> 1 | AR33: =IF(I33=VLOOKUP(VALUE(I$1),Questions!$A:$E,5,FALSE),1,0) -> 0 | AS33: =IF(J33=VLOOKUP(VALUE(J$1),Questions!$A:$E,5,FALSE),1,0) -> 1 | AT33: =IF(K33=VLOOKUP(VALUE(K$1),Questions!$A:$E,5,FALSE),1,0) -> 1 | AU33: =IF(L33=VLOOKUP(VALUE(L$1),Questions!$A:$E,5,FALSE),1,0) -> 1 | AV33: =IF(M33=VLOOKUP(VALUE(M$1),Questions!$A:$E,5,FALSE),1,0) -> 1 | AW33: =IF(N33=VLOOKUP(VALUE(N$1),Questions!$A:$E,5,FALSE),1,0) -> 1 | ... BQ33: =IF(AH33=VLOOKUP(VALUE(AH$1),Questions!$A:$E,5,FALSE),1,0) -> 0
A34: Dushin | B34: 10 | C34: 1 | D34: 33 | F34: YES | G34: 3 | H34: 3 | I34: 3 | J34: 2 | K34: 3 | L34: 3 | M34: 2 | N34: 3 | O34: 1 | P34: 3 | Q34: 1 | R34: 4 | S34: 2 | T34: 2 | U34: 3 | V34: 4 | W34: 4 | X34: 1 | Y34: 1 | Z34: 3 | AA34: 4 | AB34: 2 | AC34: 2 | AD34: 3 | AE34: 2 | AF34: 4 | AG34: 1 | AH34: 3 | AI34: 1 | AJ34: 1 | AK34: 1 | AL34: 1 | AM34: 1 | AN34: 1 | AO34: 1 | AP34: =IF(G34=VLOOKUP(VALUE(G$1),Questions!$A:$E,5,FALSE),1,0) -> 0 | AQ34: =IF(H34=VLOOKUP(VALUE(H$1),Questions!$A:$E,5,FALSE),1,0) -> 0 | AR34: =IF(I34=VLOOKUP(VALUE(I$1),Questions!$A:$E,5,FALSE),1,0) -> 1 | AS34: =IF(J34=VLOOKUP(VALUE(J$1),Questions!$A:$E,5,FALSE),1,0) -> 1 | AT34: =IF(K34=VLOOKUP(VALUE(K$1),Questions!$A:$E,5,FALSE),1,0) -> 0 | AU34: =IF(L34=VLOOKUP(VALUE(L$1),Questions!$A:$E,5,FALSE),1,0) -> 1 | AV34: =IF(M34=VLOOKUP(VALUE(M$1),Questions!$A:$E,5,FALSE),1,0) -> 1 | AW34: =IF(N34=VLOOKUP(VALUE(N$1),Questions!$A:$E,5,FALSE),1,0) -> 1 | ... BQ34: =IF(AH34=VLOOKUP(VALUE(AH$1),Questions!$A:$E,5,FALSE),1,0) -> 0
A35: Dushin | B35: 10 | C35: 1 | D35: 34 | G35: 4 | H35: 1 | I35: 3 | J35: 2 | K35: 4 | L35: 2 | M35: 2 | N35: 3 | O35: 3 | P35: 4 | Q35: 1 | R35: 4 | S35: 4 | T35: 2 | U35: 4 | V35: 3 | W35: 4 | X35: 3 | Y35: 1 | Z35: 3 | AA35: 4 | AB35: 2 | AC35: 4 | AD35: 3 | AE35: 2 | AF35: 4 | AG35: 1 | AH35: 3 | AJ35: 1 | AM35: 1 | AP35: =IF(G35=VLOOKUP(VALUE(G$1),Questions!$A:$E,5,FALSE),1,0) -> 1 | AQ35: =IF(H35=VLOOKUP(VALUE(H$1),Questions!$A:$E,5,FALSE),1,0) -> 1 | AR35: =IF(I35=VLOOKUP(VALUE(I$1),Questions!$A:$E,5,FALSE),1,0) -> 1 | AS35: =IF(J35=VLOOKUP(VALUE(J$1),Questions!$A:$E,5,FALSE),1,0) -> 1 | AT35: =IF(K35=VLOOKUP(VALUE(K$1),Questions!$A:$E,5,FALSE),1,0) -> 0 | AU35: =IF(L35=VLOOKUP(VALUE(L$1),Questions!$A:$E,5,FALSE),1,0) -> 0 | AV35: =IF(M35=VLOOKUP(VALUE(M$1),Questions!$A:$E,5,FALSE),1,0) -> 1 | AW35: =IF(N35=VLOOKUP(VALUE(N$1),Questions!$A:$E,5,FALSE),1,0) -> 1 | ... BQ35: =IF(AH35=VLOOKUP(VALUE(AH$1),Questions!$A:$E,5,FALSE),1,0) -> 0
A36: Dushin | B36: 10 | C36: 1 | D36: 35 | F36: YES | G36: 4 | H36: 1 | J36: 2 | K36: 4 | L36: 1 | M36: 2 | N36: 4 | O36: 1 | P36: 3 | Q36: 1 | R36: 4 | S36: 3 | T36: 3 | U36: 1 | V36: 3 | W36: 4 | X36: 4 | Y36: 1 | Z36: 3 | AA36: 3 | AB36: 2 | AC36: 4 | AD36: 3 | AE36: 1 | AF36: 4 | AG36: 3 | AH36: 3 | AI36: 1 | AJ36: 1 | AK36: 1 | AL36: 0 | AM36: 1 | AN36: 0 | AO36: 1 | AP36: =IF(G36=VLOOKUP(VALUE(G$1),Questions!$A:$E,5,FALSE),1,0) -> 1 | AQ36: =IF(H36=VLOOKUP(VALUE(H$1),Questions!$A:$E,5,FALSE),1,0) -> 1 | AR36: =IF(I36=VLOOKUP(VALUE(I$1),Questions!$A:$E,5,FALSE),1,0) -> 0 | AS36: =IF(J36=VLOOKUP(VALUE(J$1),Questions!$A:$E,5,FALSE),1,0) -> 1 | AT36: =IF(K36=VLOOKUP(VALUE(K$1),Questions!$A:$E,5,FALSE),1,0) -> 0 | AU36: =IF(L36=VLOOKUP(VALUE(L$1),Questions!$A:$E,5,FALSE),1,0) -> 0 | AV36: =IF(M36=VLOOKUP(VALUE(M$1),Questions!$A:$E,5,FALSE),1,0) -> 1 | AW36: =IF(N36=VLOOKUP(VALUE(N$1),Questions!$A:$E,5,FALSE),1,0) -> 0 | ... BQ36: =IF(AH36=VLOOKUP(VALUE(AH$1),Questions!$A:$E,5,FALSE),1,0) -> 0
A37: Dushin | B37: 10 | C37: 1 | D37: 36 | G37: 4 | H37: 4 | I37: 1 | J37: 1 | K37: 2 | M37: 2 | N37: 3 | O37: 3 | P37: 4 | Q37: 1 | R37: 2 | S37: 1 | T37: 2 | V37: 4 | AJ37: 0 | AP37: =IF(G37=VLOOKUP(VALUE(G$1),Questions!$A:$E,5,FALSE),1,0) -> 1 | AQ37: =IF(H37=VLOOKUP(VALUE(H$1),Questions!$A:$E,5,FALSE),1,0) -> 0 | AR37: =IF(I37=VLOOKUP(VALUE(I$1),Questions!$A:$E,5,FALSE),1,0) -> 0 | AS37: =IF(J37=VLOOKUP(VALUE(J$1),Questions!$A:$E,5,FALSE),1,0) -> 0 | AT37: =IF(K37=VLOOKUP(VALUE(K$1),Questions!$A:$E,5,FALSE),1,0) -> 0 | AU37: =IF(L37=VLOOKUP(VALUE(L$1),Questions!$A:$E,5,FALSE),1,0) -> 0 | AV37: =IF(M37=VLOOKUP(VALUE(M$1),Questions!$A:$E,5,FALSE),1,0) -> 1 | AW37: =IF(N37=VLOOKUP(VALUE(N$1),Questions!$A:$E,5,FALSE),1,0) -> 1 | ... BQ37: =IF(AH37=VLOOKUP(VALUE(AH$1),Questions!$A:$E,5,FALSE),1,0) -> 0
A38: Dushin | B38: 10 | C38: 1 | D38: 37 | G38: 4 | H38: 3 | I38: 3 | J38: 2 | K38: 1 | L38: 2 | M38: 4 | N38: 3 | O38: 1 | P38: 4 | Q38: 1 | R38: 4 | S38: 3 | T38: 2 | U38: 4 | V38: 3 | W38: 4 | X38: 3 | Y38: 1 | Z38: 3 | AA38: 2 | AB38: 1 | AC38: 2 | AD38: 1 | AE38: 2 | AF38: 4 | AG38: 2 | AH38: 3 | AI38: 1 | AJ38: 1 | AK38: 1 | AL38: 1 | AM38: 1 | AN38: 1 | AO38: 1 | AP38: =IF(G38=VLOOKUP(VALUE(G$1),Questions!$A:$E,5,FALSE),1,0) -> 1 | AQ38: =IF(H38=VLOOKUP(VALUE(H$1),Questions!$A:$E,5,FALSE),1,0) -> 0 | AR38: =IF(I38=VLOOKUP(VALUE(I$1),Questions!$A:$E,5,FALSE),1,0) -> 1 | AS38: =IF(J38=VLOOKUP(VALUE(J$1),Questions!$A:$E,5,FALSE),1,0) -> 1 | AT38: =IF(K38=VLOOKUP(VALUE(K$1),Questions!$A:$E,5,FALSE),1,0) -> 1 | AU38: =IF(L38=VLOOKUP(VALUE(L$1),Questions!$A:$E,5,FALSE),1,0) -> 0 | AV38: =IF(M38=VLOOKUP(VALUE(M$1),Questions!$A:$E,5,FALSE),1,0) -> 0 | AW38: =IF(N38=VLOOKUP(VALUE(N$1),Questions!$A:$E,5,FALSE),1,0) -> 1 | ... BQ38: =IF(AH38=VLOOKUP(VALUE(AH$1),Questions!$A:$E,5,FALSE),1,0) -> 0
A39: Dushin | B39: 10 | C39: 1 | D39: 38 | G39: 4 | H39: 1 | I39: 3 | J39: 1 | K39: 2 | L39: 1 | M39: 2 | N39: 3 | O39: 1 | P39: 4 | Q39: 1 | R39: 4 | S39: 2 | T39: 2 | U39: 4 | V39: 3 | Y39: 1 | Z39: 3 | AP39: =IF(G39=VLOOKUP(VALUE(G$1),Questions!$A:$E,5,FALSE),1,0) -> 1 | AQ39: =IF(H39=VLOOKUP(VALUE(H$1),Questions!$A:$E,5,FALSE),1,0) -> 1 | AR39: =IF(I39=VLOOKUP(VALUE(I$1),Questions!$A:$E,5,FALSE),1,0) -> 1 | AS39: =IF(J39=VLOOKUP(VALUE(J$1),Questions!$A:$E,5,FALSE),1,0) -> 0 | AT39: =IF(K39=VLOOKUP(VALUE(K$1),Questions!$A:$E,5,FALSE),1,0) -> 0 | AU39: =IF(L39=VLOOKUP(VALUE(L$1),Questions!$A:$E,5,FALSE),1,0) -> 0 | AV39: =IF(M39=VLOOKUP(VALUE(M$1),Questions!$A:$E,5,FALSE),1,0) -> 1 | AW39: =IF(N39=VLOOKUP(VALUE(N$1),Questions!$A:$E,5,FALSE),1,0) -> 1 | ... BQ39: =IF(AH39=VLOOKUP(VALUE(AH$1),Questions!$A:$E,5,FALSE),1,0) -> 0
A40: Dushin | B40: 10 | C40: 1 | D40: 39 | E40: YES | F40: YES | G40: 4 | H40: 1 | I40: 3 | J40: 2 | K40: 1 | L40: 1 | M40: 4 | N40: 3 | O40: 1 | P40: 3 | Q40: 1 | R40: 4 | S40: 3 | T40: 4 | U40: 4 | V40: 3 | W40: 4 | X40: 3 | Y40: 1 | Z40: 3 | AA40: 4 | AB40: 2 | AC40: 4 | AD40: 1 | AE40: 3 | AF40: 4 | AG40: 1 | AH40: 2 | AI40: 1 | AJ40: 1 | AK40: 1 | AL40: 1 | AM40: 1 | AN40: 1 | AO40: 1 | AP40: =IF(G40=VLOOKUP(VALUE(G$1),Questions!$A:$E,5,FALSE),1,0) -> 1 | AQ40: =IF(H40=VLOOKUP(VALUE(H$1),Questions!$A:$E,5,FALSE),1,0) -> 1 | AR40: =IF(I40=VLOOKUP(VALUE(I$1),Questions!$A:$E,5,FALSE),1,0) -> 1 | AS40: =IF(J40=VLOOKUP(VALUE(J$1),Questions!$A:$E,5,FALSE),1,0) -> 1 | AT40: =IF(K40=VLOOKUP(VALUE(K$1),Questions!$A:$E,5,FALSE),1,0) -> 1 | AU40: =IF(L40=VLOOKUP(VALUE(L$1),Questions!$A:$E,5,FALSE),1,0) -> 0 | AV40: =IF(M40=VLOOKUP(VALUE(M$1),Questions!$A:$E,5,FALSE),1,0) -> 0 | AW40: =IF(N40=VLOOKUP(VALUE(N$1),Questions!$A:$E,5,FALSE),1,0) -> 1 | ... BQ40: =IF(AH40=VLOOKUP(VALUE(AH$1),Questions!$A:$E,5,FALSE),1,0) -> 1
A41: Dushin | B41: 10 | C41: 1 | D41: 40 | G41: 3 | H41: 1 | I41: 3 | J41: 2 | K41: 1 | L41: 3 | M41: 2 | N41: 3 | O41: 1 | P41: 3 | Q41: 1 | R41: 4 | S41: 1 | T41: 2 | U41: 3 | V41: 1 | W41: 4 | X41: 3 | Y41: 2 | Z41: 3 | AA41: 1 | AB41: 4 | AC41: 1 | AD41: 3 | AE41: 1 | AF41: 2 | AG41: 2 | AH41: 4 | AI41: 0 | AJ41: 1 | AK41: 0 | AL41: 1 | AM41: 1 | AN41: 0 | AO41: 0 | AP41: =IF(G41=VLOOKUP(VALUE(G$1),Questions!$A:$E,5,FALSE),1,0) -> 0 | AQ41: =IF(H41=VLOOKUP(VALUE(H$1),Questions!$A:$E,5,FALSE),1,0) -> 1 | AR41: =IF(I41=VLOOKUP(VALUE(I$1),Questions!$A:$E,5,FALSE),1,0) -> 1 | AS41: =IF(J41=VLOOKUP(VALUE(J$1),Questions!$A:$E,5,FALSE),1,0) -> 1 | AT41: =IF(K41=VLOOKUP(VALUE(K$1),Questions!$A:$E,5,FALSE),1,0) -> 1 | AU41: =IF(L41=VLOOKUP(VALUE(L$1),Questions!$A:$E,5,FALSE),1,0) -> 1 | AV41: =IF(M41=VLOOKUP(VALUE(M$1),Questions!$A:$E,5,FALSE),1,0) -> 1 | AW41: =IF(N41=VLOOKUP(VALUE(N$1),Questions!$A:$E,5,FALSE),1,0) -> 1 | ... BQ41: =IF(AH41=VLOOKUP(VALUE(AH$1),Questions!$A:$E,5,FALSE),1,0) -> 0
A42: Dushin | B42: 10 | C42: 1 | D42: 41 | G42: 4 | H42: 1 | I42: 3 | J42: 2 | K42: 1 | L42: 2 | M42: 2 | N42: 3 | O42: 1 | P42: 4 | Q42: 1 | R42: 4 | S42: 2 | T42: 2 | U42: 4 | V42: 3 | W42: 3 | X42: 3 | Y42: 1 | Z42: 3 | AA42: 4 | AB42: 1 | AC42: 2 | AD42: 3 | AE42: 1 | AF42: 4 | AG42: 2 | AH42: 2 | AI42: 0 | AJ42: 0 | AK42: 1 | AL42: 1 | AM42: 0 | AN42: 1 | AO42: 1 | AP42: =IF(G42=VLOOKUP(VALUE(G$1),Questions!$A:$E,5,FALSE),1,0) -> 1 | AQ42: =IF(H42=VLOOKUP(VALUE(H$1),Questions!$A:$E,5,FALSE),1,0) -> 1 | AR42: =IF(I42=VLOOKUP(VALUE(I$1),Questions!$A:$E,5,FALSE),1,0) -> 1 | AS42: =IF(J42=VLOOKUP(VALUE(J$1),Questions!$A:$E,5,FALSE),1,0) -> 1 | AT42: =IF(K42=VLOOKUP(VALUE(K$1),Questions!$A:$E,5,FALSE),1,0) -> 1 | AU42: =IF(L42=VLOOKUP(VALUE(L$1),Questions!$A:$E,5,FALSE),1,0) -> 0 | AV42: =IF(M42=VLOOKUP(VALUE(M$1),Questions!$A:$E,5,FALSE),1,0) -> 1 | AW42: =IF(N42=VLOOKUP(VALUE(N$1),Questions!$A:$E,5,FALSE),1,0) -> 1 | ... BQ42: =IF(AH42=VLOOKUP(VALUE(AH$1),Questions!$A:$E,5,FALSE),1,0) -> 1
A43: Dushin | B43: 10 | C43: 1 | D43: 42 | F43: YES | G43: 3 | H43: 2 | I43: 1 | J43: 3 | K43: 3 | L43: 2 | M43: 1 | N43: 3 | O43: 2 | P43: 4 | Q43: 4 | R43: 4 | S43: 3 | T43: 2 | U43: 4 | V43: 3 | W43: 2 | X43: 3 | Y43: 4 | Z43: 2 | AA43: 1 | AB43: 2 | AC43: 4 | AD43: 3 | AE43: 3 | AF43: 1 | AP43: =IF(G43=VLOOKUP(VALUE(G$1),Questions!$A:$E,5,FALSE),1,0) -> 0 | AQ43: =IF(H43=VLOOKUP(VALUE(H$1),Questions!$A:$E,5,FALSE),1,0) -> 0 | AR43: =IF(I43=VLOOKUP(VALUE(I$1),Questions!$A:$E,5,FALSE),1,0) -> 0 | AS43: =IF(J43=VLOOKUP(VALUE(J$1),Questions!$A:$E,5,FALSE),1,0) -> 0 | AT43: =IF(K43=VLOOKUP(VALUE(K$1),Questions!$A:$E,5,FALSE),1,0) -> 0 | AU43: =IF(L43=VLOOKUP(VALUE(L$1),Questions!$A:$E,5,FALSE),1,0) -> 0 | AV43: =IF(M43=VLOOKUP(VALUE(M$1),Questions!$A:$E,5,FALSE),1,0) -> 0 | AW43: =IF(N43=VLOOKUP(VALUE(N$1),Questions!$A:$E,5,FALSE),1,0) -> 1 | ... BQ43: =IF(AH43=VLOOKUP(VALUE(AH$1),Questions!$A:$E,5,FALSE),1,0) -> 0
A44: Dushin | B44: 10 | C44: 1 | D44: 43 | G44: 4 | H44: 1 | I44: 3 | J44: 2 | K44: 1 | L44: 1 | M44: 2 | N44: 4 | O44: 1 | P44: 3 | Q44: 1 | R44: 4 | S44: 2 | T44: 2 | U44: 4 | V44: 3 | W44: 4 | X44: 3 | Y44: 1 | Z44: 3 | AA44: 4 | AB44: 2 | AC44: 2 | AD44: 3 | AE44: 2 | AF44: 4 | AG44: 1 | AH44: 2 | AI44: 1 | AJ44: 1 | AK44: 1 | AL44: 1 | AM44: 1 | AN44: 1 | AO44: 1 | AP44: =IF(G44=VLOOKUP(VALUE(G$1),Questions!$A:$E,5,FALSE),1,0) -> 1 | AQ44: =IF(H44=VLOOKUP(VALUE(H$1),Questions!$A:$E,5,FALSE),1,0) -> 1 | AR44: =IF(I44=VLOOKUP(VALUE(I$1),Questions!$A:$E,5,FALSE),1,0) -> 1 | AS44: =IF(J44=VLOOKUP(VALUE(J$1),Questions!$A:$E,5,FALSE),1,0) -> 1 | AT44: =IF(K44=VLOOKUP(VALUE(K$1),Questions!$A:$E,5,FALSE),1,0) -> 1 | AU44: =IF(L44=VLOOKUP(VALUE(L$1),Questions!$A:$E,5,FALSE),1,0) -> 0 | AV44: =IF(M44=VLOOKUP(VALUE(M$1),Questions!$A:$E,5,FALSE),1,0) -> 1 | AW44: =IF(N44=VLOOKUP(VALUE(N$1),Questions!$A:$E,5,FALSE),1,0) -> 0 | ... BQ44: =IF(AH44=VLOOKUP(VALUE(AH$1),Questions!$A:$E,5,FALSE),1,0) -> 1
A45: Dushin | B45: 10 | C45: 1 | D45: 44 | G45: 4 | H45: 1 | I45: 3 | J45: 2 | K45: 4 | L45: 4 | M45: 2 | N45: 2 | O45: 1 | P45: 4 | Q45: 1 | R45: 3 | S45: 3 | T45: 2 | U45: 3 | V45: 3 | W45: 4 | X45: 2 | Y45: 3 | Z45: 3 | AA45: 2 | AB45: 2 | AC45: 2 | AD45: 3 | AE45: 3 | AF45: 4 | AG45: 2 | AH45: 4 | AI45: 0 | AJ45: 0 | AL45: 1 | AM45: 1 | AN45: 1 | AO45: 1 | AP45: =IF(G45=VLOOKUP(VALUE(G$1),Questions!$A:$E,5,FALSE),1,0) -> 1 | AQ45: =IF(H45=VLOOKUP(VALUE(H$1),Questions!$A:$E,5,FALSE),1,0) -> 1 | AR45: =IF(I45=VLOOKUP(VALUE(I$1),Questions!$A:$E,5,FALSE),1,0) -> 1 | AS45: =IF(J45=VLOOKUP(VALUE(J$1),Questions!$A:$E,5,FALSE),1,0) -> 1 | AT45: =IF(K45=VLOOKUP(VALUE(K$1),Questions!$A:$E,5,FALSE),1,0) -> 0 | AU45: =IF(L45=VLOOKUP(VALUE(L$1),Questions!$A:$E,5,FALSE),1,0) -> 0 | AV45: =IF(M45=VLOOKUP(VALUE(M$1),Questions!$A:$E,5,FALSE),1,0) -> 1 | AW45: =IF(N45=VLOOKUP(VALUE(N$1),Questions!$A:$E,5,FALSE),1,0) -> 0 | ... BQ45: =IF(AH45=VLOOKUP(VALUE(AH$1),Questions!$A:$E,5,FALSE),1,0) -> 0
A46: Dushin | B46: 10 | C46: 1 | D46: 45 | F46: YES | G46: 4 | H46: 3 | I46: 3 | J46: 2 | K46: 3 | L46: 3 | M46: 2 | N46: 3 | O46: 1 | P46: 4 | Q46: 1 | R46: 4 | S46: 2 | T46: 2 | U46: 1 | V46: 3 | W46: 4 | X46: 3 | Y46: 1 | Z46: 3 | AA46: 4 | AB46: 2 | AC46: 2 | AD46: 3 | AE46: 2 | AF46: 4 | AG46: 3 | AH46: 1 | AI46: 0 | AJ46: 1 | AK46: 1 | AL46: 0 | AM46: 1 | AN46: 1 | AO46: 0 | AP46: =IF(G46=VLOOKUP(VALUE(G$1),Questions!$A:$E,5,FALSE),1,0) -> 1 | AQ46: =IF(H46=VLOOKUP(VALUE(H$1),Questions!$A:$E,5,FALSE),1,0) -> 0 | AR46: =IF(I46=VLOOKUP(VALUE(I$1),Questions!$A:$E,5,FALSE),1,0) -> 1 | AS46: =IF(J46=VLOOKUP(VALUE(J$1),Questions!$A:$E,5,FALSE),1,0) -> 1 | AT46: =IF(K46=VLOOKUP(VALUE(K$1),Questions!$A:$E,5,FALSE),1,0) -> 0 | AU46: =IF(L46=VLOOKUP(VALUE(L$1),Questions!$A:$E,5,FALSE),1,0) -> 1 | AV46: =IF(M46=VLOOKUP(VALUE(M$1),Questions!$A:$E,5,FALSE),1,0) -> 1 | AW46: =IF(N46=VLOOKUP(VALUE(N$1),Questions!$A:$E,5,FALSE),1,0) -> 1 | ... BQ46: =IF(AH46=VLOOKUP(VALUE(AH$1),Questions!$A:$E,5,FALSE),1,0) -> 0
A47: Dushin | B47: 10 | C47: 1 | D47: 46 | G47: 4 | H47: 1 | I47: 3 | J47: 2 | K47: 1 | L47: 3 | M47: 1 | N47: 2 | O47: 1 | P47: 3 | Q47: 1 | R47: 3 | S47: 2 | T47: 2 | U47: 1 | V47: 3 | W47: 4 | X47: 3 | Y47: 1 | Z47: 3 | AA47: 4 | AB47: 2 | AC47: 2 | AD47: 3 | AE47: 2 | AF47: 4 | AI47: 0 | AJ47: 1 | AK47: 0 | AP47: =IF(G47=VLOOKUP(VALUE(G$1),Questions!$A:$E,5,FALSE),1,0) -> 1 | AQ47: =IF(H47=VLOOKUP(VALUE(H$1),Questions!$A:$E,5,FALSE),1,0) -> 1 | AR47: =IF(I47=VLOOKUP(VALUE(I$1),Questions!$A:$E,5,FALSE),1,0) -> 1 | AS47: =IF(J47=VLOOKUP(VALUE(J$1),Questions!$A:$E,5,FALSE),1,0) -> 1 | AT47: =IF(K47=VLOOKUP(VALUE(K$1),Questions!$A:$E,5,FALSE),1,0) -> 1 | AU47: =IF(L47=VLOOKUP(VALUE(L$1),Questions!$A:$E,5,FALSE),1,0) -> 1 | AV47: =IF(M47=VLOOKUP(VALUE(M$1),Questions!$A:$E,5,FALSE),1,0) -> 0 | AW47: =IF(N47=VLOOKUP(VALUE(N$1),Questions!$A:$E,5,FALSE),1,0) -> 0 | ... BQ47: =IF(AH47=VLOOKUP(VALUE(AH$1),Questions!$A:$E,5,FALSE),1,0) -> 0
A48: Dushin | B48: 10 | C48: 1 | D48: 47 | F48: YES | G48: 4 | H48: 1 | I48: 3 | J48: 2 | K48: 3 | L48: 3 | M48: 2 | N48: 3 | O48: 1 | P48: 3 | Q48: 1 | R48: 4 | S48: 3 | T48: 2 | U48: 4 | V48: 3 | W48: 4 | X48: 3 | Y48: 1 | Z48: 3 | AA48: 4 | AB48: 1 | AC48: 3 | AD48: 4 | AE48: 2 | AF48: 4 | AG48: 1 | AH48: 2 | AP48: =IF(G48=VLOOKUP(VALUE(G$1),Questions!$A:$E,5,FALSE),1,0) -> 1 | AQ48: =IF(H48=VLOOKUP(VALUE(H$1),Questions!$A:$E,5,FALSE),1,0) -> 1 | AR48: =IF(I48=VLOOKUP(VALUE(I$1),Questions!$A:$E,5,FALSE),1,0) -> 1 | AS48: =IF(J48=VLOOKUP(VALUE(J$1),Questions!$A:$E,5,FALSE),1,0) -> 1 | AT48: =IF(K48=VLOOKUP(VALUE(K$1),Questions!$A:$E,5,FALSE),1,0) -> 0 | AU48: =IF(L48=VLOOKUP(VALUE(L$1),Questions!$A:$E,5,FALSE),1,0) -> 1 | AV48: =IF(M48=VLOOKUP(VALUE(M$1),Questions!$A:$E,5,FALSE),1,0) -> 1 | AW48: =IF(N48=VLOOKUP(VALUE(N$1),Questions!$A:$E,5,FALSE),1,0) -> 1 | ... BQ48: =IF(AH48=VLOOKUP(VALUE(AH$1),Questions!$A:$E,5,FALSE),1,0) -> 1
A49: Dushin | B49: 10 | C49: 1 | D49: 48 | F49: YES | G49: 4 | H49: 1 | I49: 1 | J49: 3 | K49: 1 | L49: 3 | M49: 2 | N49: 4 | O49: 1 | P49: 4 | Q49: 1 | R49: 3 | S49: 3 | T49: 2 | U49: 1 | V49: 3 | W49: 2 | X49: 1 | Y49: 3 | Z49: 3 | AA49: 2 | AB49: 3 | AC49: 4 | AD49: 1 | AE49: 2 | AF49: 1 | AG49: 1 | AH49: 1 | AP49: =IF(G49=VLOOKUP(VALUE(G$1),Questions!$A:$E,5,FALSE),1,0) -> 1 | AQ49: =IF(H49=VLOOKUP(VALUE(H$1),Questions!$A:$E,5,FALSE),1,0) -> 1 | AR49: =IF(I49=VLOOKUP(VALUE(I$1),Questions!$A:$E,5,FALSE),1,0) -> 0 | AS49: =IF(J49=VLOOKUP(VALUE(J$1),Questions!$A:$E,5,FALSE),1,0) -> 0 | AT49: =IF(K49=VLOOKUP(VALUE(K$1),Questions!$A:$E,5,FALSE),1,0) -> 1 | AU49: =IF(L49=VLOOKUP(VALUE(L$1),Questions!$A:$E,5,FALSE),1,0) -> 1 | AV49: =IF(M49=VLOOKUP(VALUE(M$1),Questions!$A:$E,5,FALSE),1,0) -> 1 | AW49: =IF(N49=VLOOKUP(VALUE(N$1),Questions!$A:$E,5,FALSE),1,0) -> 0 | ... BQ49: =IF(AH49=VLOOKUP(VALUE(AH$1),Questions!$A:$E,5,FALSE),1,0) -> 0
A50: Dushin | B50: 10 | C50: 1 | D50: 49 | G50: 2 | H50: 3 | I50: 3 | J50: 2 | K50: 2 | L50: 4 | M50: 1 | N50: 1 | O50: 3 | P50: 1 | Q50: 1 | R50: 4 | S50: 1 | T50: 3 | U50: 4 | V50: 3 | W50: 2 | X50: 2 | Y50: 3 | Z50: 2 | AA50: 3 | AB50: 2 | AC50: 3 | AD50: 2 | AE50: 2 | AF50: 3 | AG50: 2 | AH50: 3 | AI50: 1 | AJ50: 1 | AK50: 0 | AL50: 1 | AM50: 1 | AN50: 0 | AO50: 0 | AP50: =IF(G50=VLOOKUP(VALUE(G$1),Questions!$A:$E,5,FALSE),1,0) -> 0 | AQ50: =IF(H50=VLOOKUP(VALUE(H$1),Questions!$A:$E,5,FALSE),1,0) -> 0 | AR50: =IF(I50=VLOOKUP(VALUE(I$1),Questions!$A:$E,5,FALSE),1,0) -> 1 | AS50: =IF(J50=VLOOKUP(VALUE(J$1),Questions!$A:$E,5,FALSE),1,0) -> 1 | AT50: =IF(K50=VLOOKUP(VALUE(K$1),Questions!$A:$E,5,FALSE),1,0) -> 0 | AU50: =IF(L50=VLOOKUP(VALUE(L$1),Questions!$A:$E,5,FALSE),1,0) -> 0 | AV50: =IF(M50=VLOOKUP(VALUE(M$1),Questions!$A:$E,5,FALSE),1,0) -> 0 | AW50: =IF(N50=VLOOKUP(VALUE(N$1),Questions!$A:$E,5,FALSE),1,0) -> 0 | ... BQ50: =IF(AH50=VLOOKUP(VALUE(AH$1),Questions!$A:$E,5,FALSE),1,0) -> 0
A51: Dushin | B51: 10 | C51: 1 | D51: 50 | G51: 4 | H51: 3 | I51: 3 | J51: 2 | K51: 4 | L51: 4 | M51: 2 | N51: 4 | O51: 1 | P51: 3 | Q51: 2 | R51: 1 | S51: 2 | T51: 2 | U51: 4 | V51: 3 | W51: 4 | X51: 4 | Y51: 2 | Z51: 3 | AA51: 3 | AB51: 2 | AC51: 4 | AD51: 3 | AE51: 1 | AF51: 2 | AG51: 3 | AH51: 2 | AI51: 0 | AJ51: 1 | AK51: 0 | AL51: 0 | AM51: 1 | AN51: 1 | AO51: 1 | AP51: =IF(G51=VLOOKUP(VALUE(G$1),Questions!$A:$E,5,FALSE),1,0) -> 1 | AQ51: =IF(H51=VLOOKUP(VALUE(H$1),Questions!$A:$E,5,FALSE),1,0) -> 0 | AR51: =IF(I51=VLOOKUP(VALUE(I$1),Questions!$A:$E,5,FALSE),1,0) -> 1 | AS51: =IF(J51=VLOOKUP(VALUE(J$1),Questions!$A:$E,5,FALSE),1,0) -> 1 | AT51: =IF(K51=VLOOKUP(VALUE(K$1),Questions!$A:$E,5,FALSE),1,0) -> 0 | AU51: =IF(L51=VLOOKUP(VALUE(L$1),Questions!$A:$E,5,FALSE),1,0) -> 0 | AV51: =IF(M51=VLOOKUP(VALUE(M$1),Questions!$A:$E,5,FALSE),1,0) -> 1 | AW51: =IF(N51=VLOOKUP(VALUE(N$1),Questions!$A:$E,5,FALSE),1,0) -> 0 | ... BQ51: =IF(AH51=VLOOKUP(VALUE(AH$1),Questions!$A:$E,5,FALSE),1,0) -> 1
A52: Dushin | B52: 10 | C52: 1 | D52: 51 | G52: 4 | H52: 1 | I52: 3 | J52: 2 | K52: 3 | L52: 2 | M52: 2 | N52: 3 | O52: 1 | P52: 3 | Q52: 1 | R52: 4 | S52: 2 | T52: 3 | U52: 4 | V52: 3 | W52: 4 | X52: 3 | Y52: 1 | Z52: 3 | AA52: 4 | AB52: 2 | AC52: 2 | AD52: 3 | AE52: 2 | AF52: 4 | AG52: 1 | AH52: 4 | AI52: 1 | AJ52: 1 | AK52: 1 | AL52: 1 | AM52: 1 | AN52: 1 | AO52: 1 | AP52: =IF(G52=VLOOKUP(VALUE(G$1),Questions!$A:$E,5,FALSE),1,0) -> 1 | AQ52: =IF(H52=VLOOKUP(VALUE(H$1),Questions!$A:$E,5,FALSE),1,0) -> 1 | AR52: =IF(I52=VLOOKUP(VALUE(I$1),Questions!$A:$E,5,FALSE),1,0) -> 1 | AS52: =IF(J52=VLOOKUP(VALUE(J$1),Questions!$A:$E,5,FALSE),1,0) -> 1 | AT52: =IF(K52=VLOOKUP(VALUE(K$1),Questions!$A:$E,5,FALSE),1,0) -> 0 | AU52: =IF(L52=VLOOKUP(VALUE(L$1),Questions!$A:$E,5,FALSE),1,0) -> 0 | AV52: =IF(M52=VLOOKUP(VALUE(M$1),Questions!$A:$E,5,FALSE),1,0) -> 1 | AW52: =IF(N52=VLOOKUP(VALUE(N$1),Questions!$A:$E,5,FALSE),1,0) -> 1 | ... BQ52: =IF(AH52=VLOOKUP(VALUE(AH$1),Questions!$A:$E,5,FALSE),1,0) -> 0
A53: Dushin | B53: 10 | C53: 1 | D53: 52 | G53: 4 | H53: 3 | I53: 3 | J53: 2 | K53: 3 | L53: 3 | M53: 2 | N53: 3 | O53: 1 | P53: 4 | Q53: 1 | R53: 4 | S53: 2 | T53: 2 | U53: 1 | V53: 3 | W53: 4 | X53: 3 | Y53: 1 | Z53: 3 | AA53: 4 | AB53: 2 | AC53: 2 | AD53: 3 | AE53: 2 | AF53: 4 | AG53: 2 | AH53: 3 | AI53: 1 | AJ53: 1 | AK53: 1 | AL53: 1 | AM53: 1 | AN53: 1 | AO53: 1 | AP53: =IF(G53=VLOOKUP(VALUE(G$1),Questions!$A:$E,5,FALSE),1,0) -> 1 | AQ53: =IF(H53=VLOOKUP(VALUE(H$1),Questions!$A:$E,5,FALSE),1,0) -> 0 | AR53: =IF(I53=VLOOKUP(VALUE(I$1),Questions!$A:$E,5,FALSE),1,0) -> 1 | AS53: =IF(J53=VLOOKUP(VALUE(J$1),Questions!$A:$E,5,FALSE),1,0) -> 1 | AT53: =IF(K53=VLOOKUP(VALUE(K$1),Questions!$A:$E,5,FALSE),1,0) -> 0 | AU53: =IF(L53=VLOOKUP(VALUE(L$1),Questions!$A:$E,5,FALSE),1,0) -> 1 | AV53: =IF(M53=VLOOKUP(VALUE(M$1),Questions!$A:$E,5,FALSE),1,0) -> 1 | AW53: =IF(N53=VLOOKUP(VALUE(N$1),Questions!$A:$E,5,FALSE),1,0) -> 1 | ... BQ53: =IF(AH53=VLOOKUP(VALUE(AH$1),Questions!$A:$E,5,FALSE),1,0) -> 0
A54: Dushin | B54: 10 | C54: 1 | D54: 53 | G54: 4 | H54: 3 | I54: 3 | J54: 2 | K54: 1 | L54: 2 | M54: 2 | N54: 4 | O54: 1 | P54: 2 | Q54: 1 | R54: 3 | S54: 2 | T54: 4 | U54: 4 | V54: 3 | W54: 3 | X54: 4 | Y54: 3 | Z54: 2 | AA54: 4 | AB54: 2 | AC54: 1 | AD54: 2 | AE54: 3 | AF54: 1 | AG54: 2 | AI54: 0 | AJ54: 0 | AL54: 1 | AM54: 1 | AP54: =IF(G54=VLOOKUP(VALUE(G$1),Questions!$A:$E,5,FALSE),1,0) -> 1 | AQ54: =IF(H54=VLOOKUP(VALUE(H$1),Questions!$A:$E,5,FALSE),1,0) -> 0 | AR54: =IF(I54=VLOOKUP(VALUE(I$1),Questions!$A:$E,5,FALSE),1,0) -> 1 | AS54: =IF(J54=VLOOKUP(VALUE(J$1),Questions!$A:$E,5,FALSE),1,0) -> 1 | AT54: =IF(K54=VLOOKUP(VALUE(K$1),Questions!$A:$E,5,FALSE),1,0) -> 1 | AU54: =IF(L54=VLOOKUP(VALUE(L$1),Questions!$A:$E,5,FALSE),1,0) -> 0 | AV54: =IF(M54=VLOOKUP(VALUE(M$1),Questions!$A:$E,5,FALSE),1,0) -> 1 | AW54: =IF(N54=VLOOKUP(VALUE(N$1),Questions!$A:$E,5,FALSE),1,0) -> 0 | ... BQ54: =IF(AH54=VLOOKUP(VALUE(AH$1),Questions!$A:$E,5,FALSE),1,0) -> 0
A55: Dushin | B55: 10 | C55: 1 | D55: 54 | G55: 1 | H55: 3 | I55: 3 | J55: 2 | K55: 1 | L55: 1 | M55: 4 | N55: 3 | O55: 1 | P55: 3 | Q55: 1 | R55: 4 | S55: 3 | T55: 4 | U55: 4 | V55: 3 | W55: 4 | X55: 3 | Y55: 1 | Z55: 3 | AA55: 4 | AB55: 2 | AC55: 4 | AD55: 1 | AE55: 3 | AF55: 4 | AG55: 2 | AI55: 0 | AJ55: 0 | AL55: 0 | AP55: =IF(G55=VLOOKUP(VALUE(G$1),Questions!$A:$E,5,FALSE),1,0) -> 0 | AQ55: =IF(H55=VLOOKUP(VALUE(H$1),Questions!$A:$E,5,FALSE),1,0) -> 0 | AR55: =IF(I55=VLOOKUP(VALUE(I$1),Questions!$A:$E,5,FALSE),1,0) -> 1 | AS55: =IF(J55=VLOOKUP(VALUE(J$1),Questions!$A:$E,5,FALSE),1,0) -> 1 | AT55: =IF(K55=VLOOKUP(VALUE(K$1),Questions!$A:$E,5,FALSE),1,0) -> 1 | AU55: =IF(L55=VLOOKUP(VALUE(L$1),Questions!$A:$E,5,FALSE),1,0) -> 0 | AV55: =IF(M55=VLOOKUP(VALUE(M$1),Questions!$A:$E,5,FALSE),1,0) -> 0 | AW55: =IF(N55=VLOOKUP(VALUE(N$1),Questions!$A:$E,5,FALSE),1,0) -> 1 | ... BQ55: =IF(AH55=VLOOKUP(VALUE(AH$1),Questions!$A:$E,5,FALSE),1,0) -> 0
A56: Dushin | B56: 10 | C56: 1 | D56: 55 | G56: 4 | H56: 1 | I56: 3 | J56: 2 | K56: 1 | L56: 3 | M56: 2 | N56: 3 | O56: 1 | P56: 4 | Q56: 1 | R56: 4 | S56: 2 | T56: 2 | U56: 4 | V56: 3 | W56: 4 | X56: 4 | Y56: 1 | Z56: 3 | AA56: 4 | AB56: 2 | AC56: 2 | AD56: 3 | AE56: 1 | AF56: 4 | AG56: 2 | AH56: 2 | AI56: 1 | AJ56: 1 | AK56: 1 | AL56: 0 | AM56: 1 | AN56: 1 | AO56: 1 | AP56: =IF(G56=VLOOKUP(VALUE(G$1),Questions!$A:$E,5,FALSE),1,0) -> 1 | AQ56: =IF(H56=VLOOKUP(VALUE(H$1),Questions!$A:$E,5,FALSE),1,0) -> 1 | AR56: =IF(I56=VLOOKUP(VALUE(I$1),Questions!$A:$E,5,FALSE),1,0) -> 1 | AS56: =IF(J56=VLOOKUP(VALUE(J$1),Questions!$A:$E,5,FALSE),1,0) -> 1 | AT56: =IF(K56=VLOOKUP(VALUE(K$1),Questions!$A:$E,5,FALSE),1,0) -> 1 | AU56: =IF(L56=VLOOKUP(VALUE(L$1),Questions!$A:$E,5,FALSE),1,0) -> 1 | AV56: =IF(M56=VLOOKUP(VALUE(M$1),Questions!$A:$E,5,FALSE),1,0) -> 1 | AW56: =IF(N56=VLOOKUP(VALUE(N$1),Questions!$A:$E,5,FALSE),1,0) -> 1 | ... BQ56: =IF(AH56=VLOOKUP(VALUE(AH$1),Questions!$A:$E,5,FALSE),1,0) -> 1
A57: Dushin | B57: 10 | C57: 1 | D57: 56 | G57: 3 | H57: 4 | I57: 1 | J57: 2 | K57: 1 | L57: 3 | M57: 2 | N57: 3 | O57: 1 | P57: 4 | Q57: 1 | R57: 4 | S57: 4 | T57: 2 | U57: 4 | V57: 3 | W57: 2 | X57: 2 | Y57: 1 | Z57: 3 | AA57: 4 | AB57: 4 | AC57: 3 | AD57: 3 | AE57: 2 | AF57: 1 | AG57: 2 | AH57: 2 | AI57: 0 | AJ57: 0 | AK57: 1 | AL57: 0 | AM57: 1 | AN57: 1 | AO57: 0 | AP57: =IF(G57=VLOOKUP(VALUE(G$1),Questions!$A:$E,5,FALSE),1,0) -> 0 | AQ57: =IF(H57=VLOOKUP(VALUE(H$1),Questions!$A:$E,5,FALSE),1,0) -> 0 | AR57: =IF(I57=VLOOKUP(VALUE(I$1),Questions!$A:$E,5,FALSE),1,0) -> 0 | AS57: =IF(J57=VLOOKUP(VALUE(J$1),Questions!$A:$E,5,FALSE),1,0) -> 1 | AT57: =IF(K57=VLOOKUP(VALUE(K$1),Questions!$A:$E,5,FALSE),1,0) -> 1 | AU57: =IF(L57=VLOOKUP(VALUE(L$1),Questions!$A:$E,5,FALSE),1,0) -> 1 | AV57: =IF(M57=VLOOKUP(VALUE(M$1),Questions!$A:$E,5,FALSE),1,0) -> 1 | AW57: =IF(N57=VLOOKUP(VALUE(N$1),Questions!$A:$E,5,FALSE),1,0) -> 1 | ... BQ57: =IF(AH57=VLOOKUP(VALUE(AH$1),Questions!$A:$E,5,FALSE),1,0) -> 1
A58: Dushin | B58: 10 | C58: 8 | D58: 57 | G58: 2 | H58: 1 | I58: 3 | J58: 2 | K58: 1 | L58: 3 | M58: 2 | N58: 3 | O58: 1 | P58: 3 | Q58: 1 | R58: 4 | S58: 2 | T58: 2 | U58: 4 | V58: 3 | W58: 4 | X58: 3 | Y58: 1 | Z58: 3 | AA58: 4 | AB58: 2 | AC58: 3 | AD58: 3 | AE58: 2 | AF58: 4 | AG58: 4 | AH58: 2 | AI58: 0 | AJ58: 0 | AK58: 0 | AL58: 0 | AP58: =IF(G58=VLOOKUP(VALUE(G$1),Questions!$A:$E,5,FALSE),1,0) -> 0 | AQ58: =IF(H58=VLOOKUP(VALUE(H$1),Questions!$A:$E,5,FALSE),1,0) -> 1 | AR58: =IF(I58=VLOOKUP(VALUE(I$1),Questions!$A:$E,5,FALSE),1,0) -> 1 | AS58: =IF(J58=VLOOKUP(VALUE(J$1),Questions!$A:$E,5,FALSE),1,0) -> 1 | AT58: =IF(K58=VLOOKUP(VALUE(K$1),Questions!$A:$E,5,FALSE),1,0) -> 1 | AU58: =IF(L58=VLOOKUP(VALUE(L$1),Questions!$A:$E,5,FALSE),1,0) -> 1 | AV58: =IF(M58=VLOOKUP(VALUE(M$1),Questions!$A:$E,5,FALSE),1,0) -> 1 | AW58: =IF(N58=VLOOKUP(VALUE(N$1),Questions!$A:$E,5,FALSE),1,0) -> 1 | ... BQ58: =IF(AH58=VLOOKUP(VALUE(AH$1),Questions!$A:$E,5,FALSE),1,0) -> 1
A59: Dushin | B59: 10 | C59: 8 | D59: 58 | G59: 4 | H59: 1 | I59: 3 | J59: 2 | K59: 1 | L59: 4 | M59: 3 | N59: 2 | O59: 3 | P59: 2 | Q59: 2 | R59: 3 | S59: 1 | T59: 3 | U59: 1 | V59: 3 | W59: 4 | X59: 1 | Y59: 2 | Z59: 3 | AA59: 2 | AB59: 4 | AC59: 1 | AD59: 2 | AE59: 2 | AF59: 1 | AG59: 3 | AH59: 2 | AI59: 0 | AJ59: 0 | AL59: 0 | AM59: 0 | AP59: =IF(G59=VLOOKUP(VALUE(G$1),Questions!$A:$E,5,FALSE),1,0) -> 1 | AQ59: =IF(H59=VLOOKUP(VALUE(H$1),Questions!$A:$E,5,FALSE),1,0) -> 1 | AR59: =IF(I59=VLOOKUP(VALUE(I$1),Questions!$A:$E,5,FALSE),1,0) -> 1 | AS59: =IF(J59=VLOOKUP(VALUE(J$1),Questions!$A:$E,5,FALSE),1,0) -> 1 | AT59: =IF(K59=VLOOKUP(VALUE(K$1),Questions!$A:$E,5,FALSE),1,0) -> 1 | AU59: =IF(L59=VLOOKUP(VALUE(L$1),Questions!$A:$E,5,FALSE),1,0) -> 0 | AV59: =IF(M59=VLOOKUP(VALUE(M$1),Questions!$A:$E,5,FALSE),1,0) -> 0 | AW59: =IF(N59=VLOOKUP(VALUE(N$1),Questions!$A:$E,5,FALSE),1,0) -> 0 | ... BQ59: =IF(AH59=VLOOKUP(VALUE(AH$1),Questions!$A:$E,5,FALSE),1,0) -> 1
A60: Dushin | B60: 10 | C60: 8 | D60: 59 | G60: 4 | H60: 1 | I60: 3 | J60: 2 | K60: 1 | L60: 3 | M60: 2 | N60: 3 | O60: 1 | P60: 3 | Q60: 1 | R60: 4 | S60: 2 | T60: 2 | U60: 4 | V60: 3 | W60: 4 | X60: 3 | Y60: 1 | Z60: 3 | AA60: 4 | AB60: 2 | AC60: 3 | AD60: 3 | AE60: 2 | AF60: 1 | AG60: 1 | AH60: 2 | AI60: 1 | AJ60: 1 | AK60: 1 | AL60: 1 | AM60: 1 | AN60: 1 | AO60: 1 | AP60: =IF(G60=VLOOKUP(VALUE(G$1),Questions!$A:$E,5,FALSE),1,0) -> 1 | AQ60: =IF(H60=VLOOKUP(VALUE(H$1),Questions!$A:$E,5,FALSE),1,0) -> 1 | AR60: =IF(I60=VLOOKUP(VALUE(I$1),Questions!$A:$E,5,FALSE),1,0) -> 1 | AS60: =IF(J60=VLOOKUP(VALUE(J$1),Questions!$A:$E,5,FALSE),1,0) -> 1 | AT60: =IF(K60=VLOOKUP(VALUE(K$1),Questions!$A:$E,5,FALSE),1,0) -> 1 | AU60: =IF(L60=VLOOKUP(VALUE(L$1),Questions!$A:$E,5,FALSE),1,0) -> 1 | AV60: =IF(M60=VLOOKUP(VALUE(M$1),Questions!$A:$E,5,FALSE),1,0) -> 1 | AW60: =IF(N60=VLOOKUP(VALUE(N$1),Questions!$A:$E,5,FALSE),1,0) -> 1 | ... BQ60: =IF(AH60=VLOOKUP(VALUE(AH$1),Questions!$A:$E,5,FALSE),1,0) -> 1
A61: Dushin | B61: 10 | C61: 8 | D61: 60 | G61: 4 | H61: 1 | I61: 3 | J61: 2 | K61: 4 | L61: 3 | M61: 2 | N61: 3 | O61: 1 | P61: 4 | Q61: 1 | R61: 4 | S61: 2 | T61: 2 | U61: 4 | V61: 1 | W61: 4 | X61: 3 | Y61: 1 | Z61: 3 | AA61: 4 | AB61: 2 | AC61: 2 | AD61: 3 | AE61: 2 | AF61: 4 | AG61: 1 | AH61: 2 | AP61: =IF(G61=VLOOKUP(VALUE(G$1),Questions!$A:$E,5,FALSE),1,0) -> 1 | AQ61: =IF(H61=VLOOKUP(VALUE(H$1),Questions!$A:$E,5,FALSE),1,0) -> 1 | AR61: =IF(I61=VLOOKUP(VALUE(I$1),Questions!$A:$E,5,FALSE),1,0) -> 1 | AS61: =IF(J61=VLOOKUP(VALUE(J$1),Questions!$A:$E,5,FALSE),1,0) -> 1 | AT61: =IF(K61=VLOOKUP(VALUE(K$1),Questions!$A:$E,5,FALSE),1,0) -> 0 | AU61: =IF(L61=VLOOKUP(VALUE(L$1),Questions!$A:$E,5,FALSE),1,0) -> 1 | AV61: =IF(M61=VLOOKUP(VALUE(M$1),Questions!$A:$E,5,FALSE),1,0) -> 1 | AW61: =IF(N61=VLOOKUP(VALUE(N$1),Questions!$A:$E,5,FALSE),1,0) -> 1 | ... BQ61: =IF(AH61=VLOOKUP(VALUE(AH$1),Questions!$A:$E,5,FALSE),1,0) -> 1
A62: Dushin | B62: 10 | C62: 8 | D62: 61 | F62: YES | G62: 2 | H62: 3 | I62: 3 | J62: 2 | K62: 1 | L62: 3 | M62: 2 | N62: 3 | O62: 1 | P62: 3 | Q62: 1 | R62: 2 | S62: 2 | T62: 2 | U62: 4 | V62: 4 | W62: 4 | X62: 3 | Y62: 1 | Z62: 3 | AA62: 4 | AB62: 2 | AC62: 3 | AD62: 3 | AE62: 1 | AF62: 4 | AG62: 2 | AH62: 1 | AI62: 0 | AJ62: 0 | AK62: 0 | AL62: 0 | AM62: 1 | AN62: 0 | AO62: 0 | AP62: =IF(G62=VLOOKUP(VALUE(G$1),Questions!$A:$E,5,FALSE),1,0) -> 0 | AQ62: =IF(H62=VLOOKUP(VALUE(H$1),Questions!$A:$E,5,FALSE),1,0) -> 0 | AR62: =IF(I62=VLOOKUP(VALUE(I$1),Questions!$A:$E,5,FALSE),1,0) -> 1 | AS62: =IF(J62=VLOOKUP(VALUE(J$1),Questions!$A:$E,5,FALSE),1,0) -> 1 | AT62: =IF(K62=VLOOKUP(VALUE(K$1),Questions!$A:$E,5,FALSE),1,0) -> 1 | AU62: =IF(L62=VLOOKUP(VALUE(L$1),Questions!$A:$E,5,FALSE),1,0) -> 1 | AV62: =IF(M62=VLOOKUP(VALUE(M$1),Questions!$A:$E,5,FALSE),1,0) -> 1 | AW62: =IF(N62=VLOOKUP(VALUE(N$1),Questions!$A:$E,5,FALSE),1,0) -> 1 | ... BQ62: =IF(AH62=VLOOKUP(VALUE(AH$1),Questions!$A:$E,5,FALSE),1,0) -> 0
A63: Dushin | B63: 10 | C63: 8 | D63: 62 | G63: 1 | H63: 1 | I63: 3 | J63: 2 | K63: 4 | L63: 3 | M63: 4 | N63: 3 | O63: 1 | P63: 4 | Q63: 1 | R63: 4 | S63: 2 | T63: 4 | U63: 4 | V63: 3 | W63: 4 | X63: 3 | Y63: 1 | Z63: 3 | AA63: 4 | AB63: 2 | AC63: 1 | AD63: 3 | AE63: 1 | AF63: 4 | AG63: 2 | AH63: 1 | AI63: 1 | AJ63: 0 | AK63: 1 | AL63: 1 | AM63: 1 | AN63: 1 | AO63: 1 | AP63: =IF(G63=VLOOKUP(VALUE(G$1),Questions!$A:$E,5,FALSE),1,0) -> 0 | AQ63: =IF(H63=VLOOKUP(VALUE(H$1),Questions!$A:$E,5,FALSE),1,0) -> 1 | AR63: =IF(I63=VLOOKUP(VALUE(I$1),Questions!$A:$E,5,FALSE),1,0) -> 1 | AS63: =IF(J63=VLOOKUP(VALUE(J$1),Questions!$A:$E,5,FALSE),1,0) -> 1 | AT63: =IF(K63=VLOOKUP(VALUE(K$1),Questions!$A:$E,5,FALSE),1,0) -> 0 | AU63: =IF(L63=VLOOKUP(VALUE(L$1),Questions!$A:$E,5,FALSE),1,0) -> 1 | AV63: =IF(M63=VLOOKUP(VALUE(M$1),Questions!$A:$E,5,FALSE),1,0) -> 0 | AW63: =IF(N63=VLOOKUP(VALUE(N$1),Questions!$A:$E,5,FALSE),1,0) -> 1 | ... BQ63: =IF(AH63=VLOOKUP(VALUE(AH$1),Questions!$A:$E,5,FALSE),1,0) -> 0
A64: Dushin | B64: 10 | C64: 8 | D64: 63 | G64: 4 | H64: 1 | I64: 3 | J64: 2 | K64: 1 | L64: 3 | M64: 2 | N64: 3 | O64: 1 | P64: 3 | Q64: 3 | R64: 4 | S64: 2 | T64: 2 | U64: 4 | V64: 3 | W64: 4 | X64: 3 | Y64: 1 | Z64: 3 | AA64: 4 | AB64: 2 | AC64: 3 | AD64: 3 | AE64: 2 | AF64: 4 | AG64: 1 | AH64: 2 | AI64: 1 | AJ64: 1 | AK64: 0 | AL64: 1 | AM64: 1 | AP64: =IF(G64=VLOOKUP(VALUE(G$1),Questions!$A:$E,5,FALSE),1,0) -> 1 | AQ64: =IF(H64=VLOOKUP(VALUE(H$1),Questions!$A:$E,5,FALSE),1,0) -> 1 | AR64: =IF(I64=VLOOKUP(VALUE(I$1),Questions!$A:$E,5,FALSE),1,0) -> 1 | AS64: =IF(J64=VLOOKUP(VALUE(J$1),Questions!$A:$E,5,FALSE),1,0) -> 1 | AT64: =IF(K64=VLOOKUP(VALUE(K$1),Questions!$A:$E,5,FALSE),1,0) -> 1 | AU64: =IF(L64=VLOOKUP(VALUE(L$1),Questions!$A:$E,5,FALSE),1,0) -> 1 | AV64: =IF(M64=VLOOKUP(VALUE(M$1),Questions!$A:$E,5,FALSE),1,0) -> 1 | AW64: =IF(N64=VLOOKUP(VALUE(N$1),Questions!$A:$E,5,FALSE),1,0) -> 1 | ... BQ64: =IF(AH64=VLOOKUP(VALUE(AH$1),Questions!$A:$E,5,FALSE),1,0) -> 1
A65: Dushin | B65: 10 | C65: 8 | D65: 64 | G65: 4 | H65: 1 | I65: 3 | J65: 2 | K65: 1 | L65: 3 | M65: 2 | N65: 3 | O65: 1 | P65: 3 | Q65: 1 | R65: 4 | S65: 2 | T65: 2 | U65: 4 | V65: 4 | W65: 4 | X65: 3 | Y65: 1 | Z65: 3 | AA65: 4 | AB65: 2 | AC65: 3 | AD65: 3 | AE65: 1 | AF65: 4 | AG65: 2 | AH65: 1 | AI65: 1 | AJ65: 1 | AK65: 1 | AL65: 1 | AM65: 1 | AN65: 1 | AO65: 1 | AP65: =IF(G65=VLOOKUP(VALUE(G$1),Questions!$A:$E,5,FALSE),1,0) -> 1 | AQ65: =IF(H65=VLOOKUP(VALUE(H$1),Questions!$A:$E,5,FALSE),1,0) -> 1 | AR65: =IF(I65=VLOOKUP(VALUE(I$1),Questions!$A:$E,5,FALSE),1,0) -> 1 | AS65: =IF(J65=VLOOKUP(VALUE(J$1),Questions!$A:$E,5,FALSE),1,0) -> 1 | AT65: =IF(K65=VLOOKUP(VALUE(K$1),Questions!$A:$E,5,FALSE),1,0) -> 1 | AU65: =IF(L65=VLOOKUP(VALUE(L$1),Questions!$A:$E,5,FALSE),1,0) -> 1 | AV65: =IF(M65=VLOOKUP(VALUE(M$1),Questions!$A:$E,5,FALSE),1,0) -> 1 | AW65: =IF(N65=VLOOKUP(VALUE(N$1),Questions!$A:$E,5,FALSE),1,0) -> 1 | ... BQ65: =IF(AH65=VLOOKUP(VALUE(AH$1),Questions!$A:$E,5,FALSE),1,0) -> 0
A66: Dushin | B66: 10 | C66: 8 | D66: 65 | G66: 2 | H66: 1 | I66: 3 | J66: 2 | K66: 1 | L66: 3 | M66: 2 | N66: 3 | O66: 1 | P66: 4 | Q66: 1 | R66: 3 | S66: 2 | T66: 2 | U66: 4 | V66: 3 | W66: 4 | X66: 3 | Y66: 2 | Z66: 1 | AA66: 4 | AB66: 2 | AC66: 3 | AD66: 3 | AE66: 1 | AF66: 4 | AG66: 2 | AH66: 1 | AI66: 1 | AJ66: 1 | AK66: 1 | AL66: 1 | AM66: 1 | AN66: 1 | AO66: 1 | AP66: =IF(G66=VLOOKUP(VALUE(G$1),Questions!$A:$E,5,FALSE),1,0) -> 0 | AQ66: =IF(H66=VLOOKUP(VALUE(H$1),Questions!$A:$E,5,FALSE),1,0) -> 1 | AR66: =IF(I66=VLOOKUP(VALUE(I$1),Questions!$A:$E,5,FALSE),1,0) -> 1 | AS66: =IF(J66=VLOOKUP(VALUE(J$1),Questions!$A:$E,5,FALSE),1,0) -> 1 | AT66: =IF(K66=VLOOKUP(VALUE(K$1),Questions!$A:$E,5,FALSE),1,0) -> 1 | AU66: =IF(L66=VLOOKUP(VALUE(L$1),Questions!$A:$E,5,FALSE),1,0) -> 1 | AV66: =IF(M66=VLOOKUP(VALUE(M$1),Questions!$A:$E,5,FALSE),1,0) -> 1 | AW66: =IF(N66=VLOOKUP(VALUE(N$1),Questions!$A:$E,5,FALSE),1,0) -> 1 | ... BQ66: =IF(AH66=VLOOKUP(VALUE(AH$1),Questions!$A:$E,5,FALSE),1,0) -> 0
A67: Dushin | B67: 10 | C67: 8 | D67: 66 | G67: 4 | H67: 1 | I67: 3 | J67: 2 | K67: 1 | L67: 3 | M67: 2 | N67: 3 | O67: 1 | P67: 3 | Q67: 1 | R67: 4 | S67: 2 | T67: 1 | U67: 4 | V67: 2 | W67: 4 | X67: 3 | Y67: 1 | Z67: 3 | AA67: 4 | AB67: 2 | AC67: 2 | AD67: 3 | AE67: 2 | AF67: 4 | AG67: 1 | AH67: 2 | AI67: 0 | AJ67: 0 | AL67: 0 | AM67: 1 | AP67: =IF(G67=VLOOKUP(VALUE(G$1),Questions!$A:$E,5,FALSE),1,0) -> 1 | AQ67: =IF(H67=VLOOKUP(VALUE(H$1),Questions!$A:$E,5,FALSE),1,0) -> 1 | AR67: =IF(I67=VLOOKUP(VALUE(I$1),Questions!$A:$E,5,FALSE),1,0) -> 1 | AS67: =IF(J67=VLOOKUP(VALUE(J$1),Questions!$A:$E,5,FALSE),1,0) -> 1 | AT67: =IF(K67=VLOOKUP(VALUE(K$1),Questions!$A:$E,5,FALSE),1,0) -> 1 | AU67: =IF(L67=VLOOKUP(VALUE(L$1),Questions!$A:$E,5,FALSE),1,0) -> 1 | AV67: =IF(M67=VLOOKUP(VALUE(M$1),Questions!$A:$E,5,FALSE),1,0) -> 1 | AW67: =IF(N67=VLOOKUP(VALUE(N$1),Questions!$A:$E,5,FALSE),1,0) -> 1 | ... BQ67: =IF(AH67=VLOOKUP(VALUE(AH$1),Questions!$A:$E,5,FALSE),1,0) -> 1
A68: Dushin | B68: 10 | C68: 8 | D68: 67 | F68: YES | G68: 3 | H68: 3 | I68: 3 | J68: 2 | K68: 1 | L68: 3 | M68: 3 | N68: 1 | O68: 3 | P68: 3 | Q68: 4 | R68: 4 | S68: 2 | T68: 2 | U68: 3 | V68: 4 | W68: 4 | X68: 4 | Y68: 1 | Z68: 3 | AA68: 4 | AB68: 2 | AC68: 2 | AD68: 2 | AE68: 1 | AF68: 4 | AG68: 3 | AH68: 3 | AI68: 0 | AJ68: 0 | AK68: 0 | AL68: 1 | AM68: 0 | AN68: 0 | AO68: 0 | AP68: =IF(G68=VLOOKUP(VALUE(G$1),Questions!$A:$E,5,FALSE),1,0) -> 0 | AQ68: =IF(H68=VLOOKUP(VALUE(H$1),Questions!$A:$E,5,FALSE),1,0) -> 0 | AR68: =IF(I68=VLOOKUP(VALUE(I$1),Questions!$A:$E,5,FALSE),1,0) -> 1 | AS68: =IF(J68=VLOOKUP(VALUE(J$1),Questions!$A:$E,5,FALSE),1,0) -> 1 | AT68: =IF(K68=VLOOKUP(VALUE(K$1),Questions!$A:$E,5,FALSE),1,0) -> 1 | AU68: =IF(L68=VLOOKUP(VALUE(L$1),Questions!$A:$E,5,FALSE),1,0) -> 1 | AV68: =IF(M68=VLOOKUP(VALUE(M$1),Questions!$A:$E,5,FALSE),1,0) -> 0 | AW68: =IF(N68=VLOOKUP(VALUE(N$1),Questions!$A:$E,5,FALSE),1,0) -> 0 | ... BQ68: =IF(AH68=VLOOKUP(VALUE(AH$1),Questions!$A:$E,5,FALSE),1,0) -> 0
A69: Dushin | B69: 10 | C69: 8 | D69: 68 | G69: 2 | H69: 1 | I69: 3 | J69: 2 | K69: 4 | L69: 3 | M69: 2 | N69: 3 | O69: 2 | P69: 4 | Q69: 1 | R69: 4 | S69: 2 | T69: 4 | U69: 4 | V69: 1 | W69: 4 | X69: 3 | Y69: 1 | Z69: 3 | AA69: 4 | AB69: 2 | AC69: 4 | AD69: 1 | AE69: 3 | AF69: 4 | AG69: 3 | AH69: 2 | AI69: 0 | AJ69: 1 | AK69: 1 | AL69: 0 | AM69: 1 | AN69: 0 | AO69: 1 | AP69: =IF(G69=VLOOKUP(VALUE(G$1),Questions!$A:$E,5,FALSE),1,0) -> 0 | AQ69: =IF(H69=VLOOKUP(VALUE(H$1),Questions!$A:$E,5,FALSE),1,0) -> 1 | AR69: =IF(I69=VLOOKUP(VALUE(I$1),Questions!$A:$E,5,FALSE),1,0) -> 1 | AS69: =IF(J69=VLOOKUP(VALUE(J$1),Questions!$A:$E,5,FALSE),1,0) -> 1 | AT69: =IF(K69=VLOOKUP(VALUE(K$1),Questions!$A:$E,5,FALSE),1,0) -> 0 | AU69: =IF(L69=VLOOKUP(VALUE(L$1),Questions!$A:$E,5,FALSE),1,0) -> 1 | AV69: =IF(M69=VLOOKUP(VALUE(M$1),Questions!$A:$E,5,FALSE),1,0) -> 1 | AW69: =IF(N69=VLOOKUP(VALUE(N$1),Questions!$A:$E,5,FALSE),1,0) -> 1 | ... BQ69: =IF(AH69=VLOOKUP(VALUE(AH$1),Questions!$A:$E,5,FALSE),1,0) -> 1
A70: Dushin | B70: 10 | C70: 8 | D70: 69 | F70: YES | G70: 4 | H70: 1 | I70: 3 | J70: 2 | K70: 1 | L70: 3 | M70: 2 | N70: 3 | O70: 1 | P70: 3 | Q70: 1 | R70: 4 | S70: 2 | T70: 2 | U70: 4 | V70: 3 | W70: 4 | X70: 3 | Y70: 1 | Z70: 3 | AA70: 4 | AB70: 2 | AC70: 2 | AD70: 3 | AE70: 2 | AF70: 4 | AG70: 1 | AH70: 2 | AI70: 1 | AJ70: 1 | AK70: 1 | AL70: 1 | AM70: 1 | AN70: 0 | AO70: 1 | AP70: =IF(G70=VLOOKUP(VALUE(G$1),Questions!$A:$E,5,FALSE),1,0) -> 1 | AQ70: =IF(H70=VLOOKUP(VALUE(H$1),Questions!$A:$E,5,FALSE),1,0) -> 1 | AR70: =IF(I70=VLOOKUP(VALUE(I$1),Questions!$A:$E,5,FALSE),1,0) -> 1 | AS70: =IF(J70=VLOOKUP(VALUE(J$1),Questions!$A:$E,5,FALSE),1,0) -> 1 | AT70: =IF(K70=VLOOKUP(VALUE(K$1),Questions!$A:$E,5,FALSE),1,0) -> 1 | AU70: =IF(L70=VLOOKUP(VALUE(L$1),Questions!$A:$E,5,FALSE),1,0) -> 1 | AV70: =IF(M70=VLOOKUP(VALUE(M$1),Questions!$A:$E,5,FALSE),1,0) -> 1 | AW70: =IF(N70=VLOOKUP(VALUE(N$1),Questions!$A:$E,5,FALSE),1,0) -> 1 | ... BQ70: =IF(AH70=VLOOKUP(VALUE(AH$1),Questions!$A:$E,5,FALSE),1,0) -> 1
A71: Dushin | B71: 10 | C71: 8 | D71: 70 | G71: 4 | H71: 1 | I71: 3 | J71: 2 | K71: 1 | L71: 3 | M71: 2 | N71: 3 | O71: 1 | P71: 3 | Q71: 1 | R71: 4 | S71: 2 | T71: 1 | U71: 4 | V71: 2 | W71: 4 | X71: 3 | Y71: 3 | Z71: 3 | AA71: 4 | AB71: 2 | AC71: 2 | AD71: 3 | AE71: 4 | AF71: 4 | AG71: 1 | AH71: 2 | AI71: 0 | AP71: =IF(G71=VLOOKUP(VALUE(G$1),Questions!$A:$E,5,FALSE),1,0) -> 1 | AQ71: =IF(H71=VLOOKUP(VALUE(H$1),Questions!$A:$E,5,FALSE),1,0) -> 1 | AR71: =IF(I71=VLOOKUP(VALUE(I$1),Questions!$A:$E,5,FALSE),1,0) -> 1 | AS71: =IF(J71=VLOOKUP(VALUE(J$1),Questions!$A:$E,5,FALSE),1,0) -> 1 | AT71: =IF(K71=VLOOKUP(VALUE(K$1),Questions!$A:$E,5,FALSE),1,0) -> 1 | AU71: =IF(L71=VLOOKUP(VALUE(L$1),Questions!$A:$E,5,FALSE),1,0) -> 1 | AV71: =IF(M71=VLOOKUP(VALUE(M$1),Questions!$A:$E,5,FALSE),1,0) -> 1 | AW71: =IF(N71=VLOOKUP(VALUE(N$1),Questions!$A:$E,5,FALSE),1,0) -> 1 | ... BQ71: =IF(AH71=VLOOKUP(VALUE(AH$1),Questions!$A:$E,5,FALSE),1,0) -> 1
A72: Dushin | B72: 10 | C72: 8 | D72: 71 | F72: YES | G72: 2 | H72: 3 | I72: 3 | J72: 2 | K72: 1 | L72: 3 | M72: 2 | N72: 3 | O72: 1 | P72: 4 | Q72: 1 | R72: 2 | S72: 2 | T72: 2 | U72: 4 | V72: 3 | W72: 4 | X72: 3 | Y72: 1 | Z72: 2 | AA72: 4 | AB72: 2 | AC72: 3 | AD72: 3 | AE72: 1 | AF72: 4 | AG72: 2 | AH72: 1 | AI72: 0 | AJ72: 1 | AK72: 0 | AL72: 0 | AM72: 1 | AN72: 0 | AO72: 0 | AP72: =IF(G72=VLOOKUP(VALUE(G$1),Questions!$A:$E,5,FALSE),1,0) -> 0 | AQ72: =IF(H72=VLOOKUP(VALUE(H$1),Questions!$A:$E,5,FALSE),1,0) -> 0 | AR72: =IF(I72=VLOOKUP(VALUE(I$1),Questions!$A:$E,5,FALSE),1,0) -> 1 | AS72: =IF(J72=VLOOKUP(VALUE(J$1),Questions!$A:$E,5,FALSE),1,0) -> 1 | AT72: =IF(K72=VLOOKUP(VALUE(K$1),Questions!$A:$E,5,FALSE),1,0) -> 1 | AU72: =IF(L72=VLOOKUP(VALUE(L$1),Questions!$A:$E,5,FALSE),1,0) -> 1 | AV72: =IF(M72=VLOOKUP(VALUE(M$1),Questions!$A:$E,5,FALSE),1,0) -> 1 | AW72: =IF(N72=VLOOKUP(VALUE(N$1),Questions!$A:$E,5,FALSE),1,0) -> 1 | ... BQ72: =IF(AH72=VLOOKUP(VALUE(AH$1),Questions!$A:$E,5,FALSE),1,0) -> 0
A73: Dushin | B73: 10 | C73: 8 | D73: 72 | F73: YES | G73: 4 | H73: 1 | I73: 2 | J73: 2 | K73: 4 | L73: 4 | M73: 2 | N73: 3 | O73: 1 | P73: 4 | Q73: 1 | R73: 4 | S73: 3 | T73: 2 | U73: 3 | V73: 3 | W73: 4 | X73: 4 | Y73: 1 | Z73: 2 | AA73: 1 | AB73: 3 | AC73: 3 | AD73: 1 | AE73: 1 | AG73: 2 | AH73: 1 | AI73: 1 | AL73: 1 | AP73: =IF(G73=VLOOKUP(VALUE(G$1),Questions!$A:$E,5,FALSE),1,0) -> 1 | AQ73: =IF(H73=VLOOKUP(VALUE(H$1),Questions!$A:$E,5,FALSE),1,0) -> 1 | AR73: =IF(I73=VLOOKUP(VALUE(I$1),Questions!$A:$E,5,FALSE),1,0) -> 0 | AS73: =IF(J73=VLOOKUP(VALUE(J$1),Questions!$A:$E,5,FALSE),1,0) -> 1 | AT73: =IF(K73=VLOOKUP(VALUE(K$1),Questions!$A:$E,5,FALSE),1,0) -> 0 | AU73: =IF(L73=VLOOKUP(VALUE(L$1),Questions!$A:$E,5,FALSE),1,0) -> 0 | AV73: =IF(M73=VLOOKUP(VALUE(M$1),Questions!$A:$E,5,FALSE),1,0) -> 1 | AW73: =IF(N73=VLOOKUP(VALUE(N$1),Questions!$A:$E,5,FALSE),1,0) -> 1 | ... BQ73: =IF(AH73=VLOOKUP(VALUE(AH$1),Questions!$A:$E,5,FALSE),1,0) -> 0
A74: Dushin | B74: 10 | C74: 8 | D74: 73 | G74: 4 | H74: 1 | I74: 3 | J74: 2 | K74: 1 | L74: 3 | M74: 2 | N74: 3 | O74: 1 | P74: 3 | Q74: 1 | R74: 1 | S74: 2 | T74: 4 | U74: 4 | V74: 3 | W74: 4 | X74: 3 | Y74: 1 | Z74: 3 | AA74: 4 | AB74: 2 | AC74: 2 | AD74: 3 | AE74: 2 | AF74: 4 | AG74: 1 | AH74: 2 | AI74: 0 | AJ74: 0 | AK74: 1 | AL74: 0 | AM74: 1 | AN74: 1 | AO74: 1 | AP74: =IF(G74=VLOOKUP(VALUE(G$1),Questions!$A:$E,5,FALSE),1,0) -> 1 | AQ74: =IF(H74=VLOOKUP(VALUE(H$1),Questions!$A:$E,5,FALSE),1,0) -> 1 | AR74: =IF(I74=VLOOKUP(VALUE(I$1),Questions!$A:$E,5,FALSE),1,0) -> 1 | AS74: =IF(J74=VLOOKUP(VALUE(J$1),Questions!$A:$E,5,FALSE),1,0) -> 1 | AT74: =IF(K74=VLOOKUP(VALUE(K$1),Questions!$A:$E,5,FALSE),1,0) -> 1 | AU74: =IF(L74=VLOOKUP(VALUE(L$1),Questions!$A:$E,5,FALSE),1,0) -> 1 | AV74: =IF(M74=VLOOKUP(VALUE(M$1),Questions!$A:$E,5,FALSE),1,0) -> 1 | AW74: =IF(N74=VLOOKUP(VALUE(N$1),Questions!$A:$E,5,FALSE),1,0) -> 1 | ... BQ74: =IF(AH74=VLOOKUP(VALUE(AH$1),Questions!$A:$E,5,FALSE),1,0) -> 1
A75: Dushin | B75: 10 | C75: 8 | D75: 74 | G75: 3 | H75: 1 | I75: 3 | J75: 4 | K75: 1 | L75: 3 | M75: 2 | N75: 3 | O75: 1 | P75: 3 | Q75: 1 | R75: 4 | S75: 2 | T75: 4 | U75: 3 | V75: 1 | W75: 1 | X75: 4 | Y75: 1 | Z75: 2 | AA75: 4 | AB75: 2 | AC75: 2 | AD75: 3 | AE75: 2 | AF75: 4 | AG75: 2 | AH75: 3 | AI75: 0 | AJ75: 1 | AK75: 0 | AL75: 1 | AM75: 1 | AP75: =IF(G75=VLOOKUP(VALUE(G$1),Questions!$A:$E,5,FALSE),1,0) -> 0 | AQ75: =IF(H75=VLOOKUP(VALUE(H$1),Questions!$A:$E,5,FALSE),1,0) -> 1 | AR75: =IF(I75=VLOOKUP(VALUE(I$1),Questions!$A:$E,5,FALSE),1,0) -> 1 | AS75: =IF(J75=VLOOKUP(VALUE(J$1),Questions!$A:$E,5,FALSE),1,0) -> 0 | AT75: =IF(K75=VLOOKUP(VALUE(K$1),Questions!$A:$E,5,FALSE),1,0) -> 1 | AU75: =IF(L75=VLOOKUP(VALUE(L$1),Questions!$A:$E,5,FALSE),1,0) -> 1 | AV75: =IF(M75=VLOOKUP(VALUE(M$1),Questions!$A:$E,5,FALSE),1,0) -> 1 | AW75: =IF(N75=VLOOKUP(VALUE(N$1),Questions!$A:$E,5,FALSE),1,0) -> 1 | ... BQ75: =IF(AH75=VLOOKUP(VALUE(AH$1),Questions!$A:$E,5,FALSE),1,0) -> 0
A76: Dushin | B76: 10 | C76: 8 | D76: 75 | F76: YES | G76: 4 | H76: 1 | I76: 3 | J76: 2 | K76: 1 | L76: 3 | M76: 2 | N76: 3 | O76: 1 | P76: 3 | Q76: 1 | R76: 4 | S76: 2 | T76: 2 | U76: 4 | V76: 3 | W76: 4 | X76: 3 | Y76: 1 | Z76: 3 | AA76: 4 | AB76: 2 | AC76: 3 | AD76: 3 | AE76: 2 | AF76: 4 | AG76: 1 | AH76: 2 | AI76: 1 | AJ76: 0 | AK76: 0 | AL76: 1 | AM76: 0 | AN76: 0 | AO76: 0 | AP76: =IF(G76=VLOOKUP(VALUE(G$1),Questions!$A:$E,5,FALSE),1,0) -> 1 | AQ76: =IF(H76=VLOOKUP(VALUE(H$1),Questions!$A:$E,5,FALSE),1,0) -> 1 | AR76: =IF(I76=VLOOKUP(VALUE(I$1),Questions!$A:$E,5,FALSE),1,0) -> 1 | AS76: =IF(J76=VLOOKUP(VALUE(J$1),Questions!$A:$E,5,FALSE),1,0) -> 1 | AT76: =IF(K76=VLOOKUP(VALUE(K$1),Questions!$A:$E,5,FALSE),1,0) -> 1 | AU76: =IF(L76=VLOOKUP(VALUE(L$1),Questions!$A:$E,5,FALSE),1,0) -> 1 | AV76: =IF(M76=VLOOKUP(VALUE(M$1),Questions!$A:$E,5,FALSE),1,0) -> 1 | AW76: =IF(N76=VLOOKUP(VALUE(N$1),Questions!$A:$E,5,FALSE),1,0) -> 1 | ... BQ76: =IF(AH76=VLOOKUP(VALUE(AH$1),Questions!$A:$E,5,FALSE),1,0) -> 1
A77: Dushin | B77: 10 | C77: 8 | D77: 76 | F77: YES | G77: 4 | H77: 1 | I77: 3 | J77: 2 | K77: 4 | L77: 1 | M77: 2 | N77: 2 | O77: 1 | P77: 2 | Q77: 1 | R77: 3 | S77: 1 | T77: 2 | U77: 3 | V77: 1 | W77: 3 | X77: 1 | Y77: 4 | Z77: 1 | AA77: 3 | AB77: 2 | AC77: 2 | AD77: 3 | AE77: 2 | AF77: 3 | AG77: 2 | AH77: 2 | AI77: 0 | AJ77: 0 | AK77: 0 | AL77: 1 | AM77: 0 | AN77: 1 | AO77: 0 | AP77: =IF(G77=VLOOKUP(VALUE(G$1),Questions!$A:$E,5,FALSE),1,0) -> 1 | AQ77: =IF(H77=VLOOKUP(VALUE(H$1),Questions!$A:$E,5,FALSE),1,0) -> 1 | AR77: =IF(I77=VLOOKUP(VALUE(I$1),Questions!$A:$E,5,FALSE),1,0) -> 1 | AS77: =IF(J77=VLOOKUP(VALUE(J$1),Questions!$A:$E,5,FALSE),1,0) -> 1 | AT77: =IF(K77=VLOOKUP(VALUE(K$1),Questions!$A:$E,5,FALSE),1,0) -> 0 | AU77: =IF(L77=VLOOKUP(VALUE(L$1),Questions!$A:$E,5,FALSE),1,0) -> 0 | AV77: =IF(M77=VLOOKUP(VALUE(M$1),Questions!$A:$E,5,FALSE),1,0) -> 1 | AW77: =IF(N77=VLOOKUP(VALUE(N$1),Questions!$A:$E,5,FALSE),1,0) -> 0 | ... BQ77: =IF(AH77=VLOOKUP(VALUE(AH$1),Questions!$A:$E,5,FALSE),1,0) -> 1
A78: Dushin | B78: 10 | C78: 8 | D78: 77 | G78: 4 | H78: 1 | I78: 3 | J78: 2 | K78: 1 | L78: 1 | M78: 4 | N78: 3 | O78: 1 | P78: 4 | Q78: 1 | R78: 3 | S78: 3 | T78: 1 | U78: 4 | V78: 3 | W78: 4 | X78: 3 | Y78: 1 | Z78: 3 | AA78: 4 | AB78: 2 | AC78: 2 | AD78: 3 | AE78: 2 | AF78: 4 | AG78: 1 | AH78: 2 | AI78: 0 | AJ78: 1 | AK78: 0 | AL78: 1 | AM78: 1 | AN78: 1 | AO78: 1 | AP78: =IF(G78=VLOOKUP(VALUE(G$1),Questions!$A:$E,5,FALSE),1,0) -> 1 | AQ78: =IF(H78=VLOOKUP(VALUE(H$1),Questions!$A:$E,5,FALSE),1,0) -> 1 | AR78: =IF(I78=VLOOKUP(VALUE(I$1),Questions!$A:$E,5,FALSE),1,0) -> 1 | AS78: =IF(J78=VLOOKUP(VALUE(J$1),Questions!$A:$E,5,FALSE),1,0) -> 1 | AT78: =IF(K78=VLOOKUP(VALUE(K$1),Questions!$A:$E,5,FALSE),1,0) -> 1 | AU78: =IF(L78=VLOOKUP(VALUE(L$1),Questions!$A:$E,5,FALSE),1,0) -> 0 | AV78: =IF(M78=VLOOKUP(VALUE(M$1),Questions!$A:$E,5,FALSE),1,0) -> 0 | AW78: =IF(N78=VLOOKUP(VALUE(N$1),Questions!$A:$E,5,FALSE),1,0) -> 1 | ... BQ78: =IF(AH78=VLOOKUP(VALUE(AH$1),Questions!$A:$E,5,FALSE),1,0) -> 1
A79: Sourial | B79: 10 | C79: 6 | D79: 78 | G79: 4 | H79: 1 | I79: 1 | J79: 2 | K79: 1 | L79: 3 | M79: 2 | N79: 3 | O79: 1 | P79: 3 | Q79: 1 | R79: 4 | S79: 1 | T79: 2 | U79: 4 | V79: 3 | W79: 4 | X79: 3 | Y79: 1 | Z79: 3 | AA79: 4 | AB79: 2 | AC79: 2 | AD79: 3 | AE79: 2 | AF79: 4 | AG79: 1 | AH79: 2 | AI79: 1 | AL79: 1 | AM79: 1 | AP79: =IF(G79=VLOOKUP(VALUE(G$1),Questions!$A:$E,5,FALSE),1,0) -> 1 | AQ79: =IF(H79=VLOOKUP(VALUE(H$1),Questions!$A:$E,5,FALSE),1,0) -> 1 | AR79: =IF(I79=VLOOKUP(VALUE(I$1),Questions!$A:$E,5,FALSE),1,0) -> 0 | AS79: =IF(J79=VLOOKUP(VALUE(J$1),Questions!$A:$E,5,FALSE),1,0) -> 1 | AT79: =IF(K79=VLOOKUP(VALUE(K$1),Questions!$A:$E,5,FALSE),1,0) -> 1 | AU79: =IF(L79=VLOOKUP(VALUE(L$1),Questions!$A:$E,5,FALSE),1,0) -> 1 | AV79: =IF(M79=VLOOKUP(VALUE(M$1),Questions!$A:$E,5,FALSE),1,0) -> 1 | AW79: =IF(N79=VLOOKUP(VALUE(N$1),Questions!$A:$E,5,FALSE),1,0) -> 1 | ... BQ79: =IF(AH79=VLOOKUP(VALUE(AH$1),Questions!$A:$E,5,FALSE),1,0) -> 1
A80: Sourial | B80: 10 | C80: 6 | D80: 79 | G80: 3 | H80: 2 | I80: 3 | J80: 2 | K80: 4 | L80: 3 | M80: 4 | N80: 1 | O80: 3 | P80: 4 | Q80: 1 | R80: 4 | S80: 2 | T80: 2 | U80: 4 | V80: 3 | W80: 4 | X80: 3 | Y80: 1 | Z80: 3 | AA80: 4 | AB80: 2 | AC80: 2 | AD80: 3 | AE80: 2 | AF80: 4 | AG80: 1 | AH80: 2 | AP80: =IF(G80=VLOOKUP(VALUE(G$1),Questions!$A:$E,5,FALSE),1,0) -> 0 | AQ80: =IF(H80=VLOOKUP(VALUE(H$1),Questions!$A:$E,5,FALSE),1,0) -> 0 | AR80: =IF(I80=VLOOKUP(VALUE(I$1),Questions!$A:$E,5,FALSE),1,0) -> 1 | AS80: =IF(J80=VLOOKUP(VALUE(J$1),Questions!$A:$E,5,FALSE),1,0) -> 1 | AT80: =IF(K80=VLOOKUP(VALUE(K$1),Questions!$A:$E,5,FALSE),1,0) -> 0 | AU80: =IF(L80=VLOOKUP(VALUE(L$1),Questions!$A:$E,5,FALSE),1,0) -> 1 | AV80: =IF(M80=VLOOKUP(VALUE(M$1),Questions!$A:$E,5,FALSE),1,0) -> 0 | AW80: =IF(N80=VLOOKUP(VALUE(N$1),Questions!$A:$E,5,FALSE),1,0) -> 0 | ... BQ80: =IF(AH80=VLOOKUP(VALUE(AH$1),Questions!$A:$E,5,FALSE),1,0) -> 1
A81: Sourial | B81: 10 | C81: 6 | D81: 80 | G81: 4 | H81: 1 | I81: 3 | J81: 2 | K81: 1 | L81: 3 | M81: 2 | N81: 3 | O81: 1 | P81: 3 | Q81: 1 | R81: 4 | S81: 2 | T81: 2 | U81: 4 | V81: 3 | W81: 4 | X81: 3 | Y81: 1 | Z81: 3 | AA81: 4 | AB81: 2 | AC81: 2 | AD81: 3 | AE81: 2 | AF81: 4 | AG81: 1 | AH81: 2 | AI81: 0 | AJ81: 1 | AK81: 0 | AL81: 1 | AM81: 1 | AN81: 1 | AO81: 1 | AP81: =IF(G81=VLOOKUP(VALUE(G$1),Questions!$A:$E,5,FALSE),1,0) -> 1 | AQ81: =IF(H81=VLOOKUP(VALUE(H$1),Questions!$A:$E,5,FALSE),1,0) -> 1 | AR81: =IF(I81=VLOOKUP(VALUE(I$1),Questions!$A:$E,5,FALSE),1,0) -> 1 | AS81: =IF(J81=VLOOKUP(VALUE(J$1),Questions!$A:$E,5,FALSE),1,0) -> 1 | AT81: =IF(K81=VLOOKUP(VALUE(K$1),Questions!$A:$E,5,FALSE),1,0) -> 1 | AU81: =IF(L81=VLOOKUP(VALUE(L$1),Questions!$A:$E,5,FALSE),1,0) -> 1 | AV81: =IF(M81=VLOOKUP(VALUE(M$1),Questions!$A:$E,5,FALSE),1,0) -> 1 | AW81: =IF(N81=VLOOKUP(VALUE(N$1),Questions!$A:$E,5,FALSE),1,0) -> 1 | ... BQ81: =IF(AH81=VLOOKUP(VALUE(AH$1),Questions!$A:$E,5,FALSE),1,0) -> 1
A82: Sourial | B82: 10 | C82: 6 | D82: 81 | G82: 4 | H82: 3 | I82: 3 | J82: 2 | K82: 4 | L82: 2 | M82: 2 | N82: 4 | O82: 3 | P82: 4 | Q82: 1 | R82: 4 | S82: 3 | T82: 1 | U82: 4 | V82: 3 | W82: 4 | X82: 3 | Y82: 1 | Z82: 3 | AA82: 2 | AB82: 2 | AC82: 3 | AD82: 3 | AE82: 1 | AF82: 4 | AG82: 1 | AH82: 4 | AP82: =IF(G82=VLOOKUP(VALUE(G$1),Questions!$A:$E,5,FALSE),1,0) -> 1 | AQ82: =IF(H82=VLOOKUP(VALUE(H$1),Questions!$A:$E,5,FALSE),1,0) -> 0 | AR82: =IF(I82=VLOOKUP(VALUE(I$1),Questions!$A:$E,5,FALSE),1,0) -> 1 | AS82: =IF(J82=VLOOKUP(VALUE(J$1),Questions!$A:$E,5,FALSE),1,0) -> 1 | AT82: =IF(K82=VLOOKUP(VALUE(K$1),Questions!$A:$E,5,FALSE),1,0) -> 0 | AU82: =IF(L82=VLOOKUP(VALUE(L$1),Questions!$A:$E,5,FALSE),1,0) -> 0 | AV82: =IF(M82=VLOOKUP(VALUE(M$1),Questions!$A:$E,5,FALSE),1,0) -> 1 | AW82: =IF(N82=VLOOKUP(VALUE(N$1),Questions!$A:$E,5,FALSE),1,0) -> 0 | ... BQ82: =IF(AH82=VLOOKUP(VALUE(AH$1),Questions!$A:$E,5,FALSE),1,0) -> 0
A83: Sourial | B83: 10 | C83: 6 | D83: 82 | G83: 4 | H83: 2 | I83: 3 | J83: 2 | K83: 1 | L83: 1 | M83: 4 | N83: 3 | O83: 1 | P83: 4 | Q83: 1 | R83: 4 | S83: 2 | T83: 4 | U83: 4 | V83: 3 | W83: 4 | X83: 1 | Y83: 1 | Z83: 2 | AA83: 4 | AB83: 2 | AC83: 2 | AD83: 3 | AE83: 2 | AF83: 4 | AG83: 1 | AH83: 2 | AI83: 1 | AJ83: 0 | AK83: 1 | AL83: 0 | AM83: 1 | AN83: 1 | AO83: 1 | AP83: =IF(G83=VLOOKUP(VALUE(G$1),Questions!$A:$E,5,FALSE),1,0) -> 1 | AQ83: =IF(H83=VLOOKUP(VALUE(H$1),Questions!$A:$E,5,FALSE),1,0) -> 0 | AR83: =IF(I83=VLOOKUP(VALUE(I$1),Questions!$A:$E,5,FALSE),1,0) -> 1 | AS83: =IF(J83=VLOOKUP(VALUE(J$1),Questions!$A:$E,5,FALSE),1,0) -> 1 | AT83: =IF(K83=VLOOKUP(VALUE(K$1),Questions!$A:$E,5,FALSE),1,0) -> 1 | AU83: =IF(L83=VLOOKUP(VALUE(L$1),Questions!$A:$E,5,FALSE),1,0) -> 0 | AV83: =IF(M83=VLOOKUP(VALUE(M$1),Questions!$A:$E,5,FALSE),1,0) -> 0 | AW83: =IF(N83=VLOOKUP(VALUE(N$1),Questions!$A:$E,5,FALSE),1,0) -> 1 | ... BQ83: =IF(AH83=VLOOKUP(VALUE(AH$1),Questions!$A:$E,5,FALSE),1,0) -> 1
A84: Sourial | B84: 10 | C84: 6 | D84: 83 | G84: 4 | H84: 1 | I84: 3 | J84: 2 | K84: 1 | L84: 3 | M84: 2 | N84: 3 | O84: 1 | P84: 4 | Q84: 1 | R84: 4 | T84: 2 | U84: 4 | V84: 3 | W84: 4 | X84: 1 | Y84: 1 | Z84: 3 | AA84: 4 | AB84: 2 | AC84: 2 | AD84: 3 | AE84: 2 | AF84: 4 | AG84: 1 | AH84: 2 | AI84: 1 | AJ84: 1 | AK84: 1 | AL84: 1 | AM84: 1 | AN84: 1 | AO84: 1 | AP84: =IF(G84=VLOOKUP(VALUE(G$1),Questions!$A:$E,5,FALSE),1,0) -> 1 | AQ84: =IF(H84=VLOOKUP(VALUE(H$1),Questions!$A:$E,5,FALSE),1,0) -> 1 | AR84: =IF(I84=VLOOKUP(VALUE(I$1),Questions!$A:$E,5,FALSE),1,0) -> 1 | AS84: =IF(J84=VLOOKUP(VALUE(J$1),Questions!$A:$E,5,FALSE),1,0) -> 1 | AT84: =IF(K84=VLOOKUP(VALUE(K$1),Questions!$A:$E,5,FALSE),1,0) -> 1 | AU84: =IF(L84=VLOOKUP(VALUE(L$1),Questions!$A:$E,5,FALSE),1,0) -> 1 | AV84: =IF(M84=VLOOKUP(VALUE(M$1),Questions!$A:$E,5,FALSE),1,0) -> 1 | AW84: =IF(N84=VLOOKUP(VALUE(N$1),Questions!$A:$E,5,FALSE),1,0) -> 1 | ... BQ84: =IF(AH84=VLOOKUP(VALUE(AH$1),Questions!$A:$E,5,FALSE),1,0) -> 1
A85: Sourial | B85: 10 | C85: 6 | D85: 84 | G85: 4 | H85: 1 | I85: 3 | J85: 2 | K85: 1 | L85: 3 | M85: 2 | N85: 3 | O85: 1 | P85: 3 | Q85: 1 | R85: 4 | S85: 2 | T85: 3 | U85: 3 | V85: 1 | W85: 3 | X85: 1 | Y85: 1 | Z85: 3 | AA85: 4 | AB85: 2 | AC85: 4 | AD85: 3 | AE85: 1 | AF85: 4 | AG85: 3 | AH85: 2 | AI85: 1 | AJ85: 1 | AK85: 0 | AL85: 1 | AM85: 1 | AN85: 1 | AO85: 0 | AP85: =IF(G85=VLOOKUP(VALUE(G$1),Questions!$A:$E,5,FALSE),1,0) -> 1 | AQ85: =IF(H85=VLOOKUP(VALUE(H$1),Questions!$A:$E,5,FALSE),1,0) -> 1 | AR85: =IF(I85=VLOOKUP(VALUE(I$1),Questions!$A:$E,5,FALSE),1,0) -> 1 | AS85: =IF(J85=VLOOKUP(VALUE(J$1),Questions!$A:$E,5,FALSE),1,0) -> 1 | AT85: =IF(K85=VLOOKUP(VALUE(K$1),Questions!$A:$E,5,FALSE),1,0) -> 1 | AU85: =IF(L85=VLOOKUP(VALUE(L$1),Questions!$A:$E,5,FALSE),1,0) -> 1 | AV85: =IF(M85=VLOOKUP(VALUE(M$1),Questions!$A:$E,5,FALSE),1,0) -> 1 | AW85: =IF(N85=VLOOKUP(VALUE(N$1),Questions!$A:$E,5,FALSE),1,0) -> 1 | ... BQ85: =IF(AH85=VLOOKUP(VALUE(AH$1),Questions!$A:$E,5,FALSE),1,0) -> 1
A86: Sourial | B86: 10 | C86: 6 | D86: 85 | G86: 4 | H86: 1 | I86: 2 | J86: 1 | K86: 4 | L86: 3 | M86: 2 | N86: 3 | O86: 1 | P86: 3 | Q86: 1 | R86: 3 | S86: 2 | T86: 2 | U86: 4 | V86: 3 | W86: 4 | X86: 3 | Y86: 1 | Z86: 3 | AA86: 4 | AB86: 2 | AC86: 2 | AD86: 3 | AE86: 3 | AF86: 3 | AG86: 3 | AH86: 2 | AI86: 0 | AP86: =IF(G86=VLOOKUP(VALUE(G$1),Questions!$A:$E,5,FALSE),1,0) -> 1 | AQ86: =IF(H86=VLOOKUP(VALUE(H$1),Questions!$A:$E,5,FALSE),1,0) -> 1 | AR86: =IF(I86=VLOOKUP(VALUE(I$1),Questions!$A:$E,5,FALSE),1,0) -> 0 | AS86: =IF(J86=VLOOKUP(VALUE(J$1),Questions!$A:$E,5,FALSE),1,0) -> 0 | AT86: =IF(K86=VLOOKUP(VALUE(K$1),Questions!$A:$E,5,FALSE),1,0) -> 0 | AU86: =IF(L86=VLOOKUP(VALUE(L$1),Questions!$A:$E,5,FALSE),1,0) -> 1 | AV86: =IF(M86=VLOOKUP(VALUE(M$1),Questions!$A:$E,5,FALSE),1,0) -> 1 | AW86: =IF(N86=VLOOKUP(VALUE(N$1),Questions!$A:$E,5,FALSE),1,0) -> 1 | ... BQ86: =IF(AH86=VLOOKUP(VALUE(AH$1),Questions!$A:$E,5,FALSE),1,0) -> 1
A87: Sourial | B87: 10 | C87: 6 | D87: 86 | G87: 4 | H87: 1 | I87: 3 | J87: 2 | K87: 1 | L87: 3 | M87: 2 | N87: 3 | O87: 1 | P87: 3 | Q87: 1 | R87: 4 | S87: 2 | T87: 2 | U87: 4 | V87: 3 | W87: 4 | X87: 3 | Y87: 1 | Z87: 3 | AA87: 4 | AB87: 2 | AC87: 2 | AD87: 3 | AE87: 2 | AF87: 4 | AI87: 1 | AJ87: 1 | AK87: 1 | AL87: 1 | AM87: 1 | AN87: 0 | AO87: 0 | AP87: =IF(G87=VLOOKUP(VALUE(G$1),Questions!$A:$E,5,FALSE),1,0) -> 1 | AQ87: =IF(H87=VLOOKUP(VALUE(H$1),Questions!$A:$E,5,FALSE),1,0) -> 1 | AR87: =IF(I87=VLOOKUP(VALUE(I$1),Questions!$A:$E,5,FALSE),1,0) -> 1 | AS87: =IF(J87=VLOOKUP(VALUE(J$1),Questions!$A:$E,5,FALSE),1,0) -> 1 | AT87: =IF(K87=VLOOKUP(VALUE(K$1),Questions!$A:$E,5,FALSE),1,0) -> 1 | AU87: =IF(L87=VLOOKUP(VALUE(L$1),Questions!$A:$E,5,FALSE),1,0) -> 1 | AV87: =IF(M87=VLOOKUP(VALUE(M$1),Questions!$A:$E,5,FALSE),1,0) -> 1 | AW87: =IF(N87=VLOOKUP(VALUE(N$1),Questions!$A:$E,5,FALSE),1,0) -> 1 | ... BQ87: =IF(AH87=VLOOKUP(VALUE(AH$1),Questions!$A:$E,5,FALSE),1,0) -> 0
A88: Sourial | B88: 10 | C88: 6 | D88: 87 | G88: 4 | H88: 1 | I88: 3 | J88: 2 | K88: 1 | L88: 1 | M88: 3 | N88: 3 | O88: 3 | P88: 4 | Q88: 1 | R88: 4 | S88: 2 | T88: 2 | U88: 4 | V88: 3 | W88: 2 | X88: 2 | Y88: 1 | Z88: 2 | AA88: 4 | AB88: 2 | AC88: 2 | AD88: 3 | AE88: 1 | AF88: 3 | AG88: 2 | AH88: 3 | AI88: 1 | AJ88: 0 | AK88: 0 | AL88: 1 | AM88: 1 | AN88: 1 | AO88: 1 | AP88: =IF(G88=VLOOKUP(VALUE(G$1),Questions!$A:$E,5,FALSE),1,0) -> 1 | AQ88: =IF(H88=VLOOKUP(VALUE(H$1),Questions!$A:$E,5,FALSE),1,0) -> 1 | AR88: =IF(I88=VLOOKUP(VALUE(I$1),Questions!$A:$E,5,FALSE),1,0) -> 1 | AS88: =IF(J88=VLOOKUP(VALUE(J$1),Questions!$A:$E,5,FALSE),1,0) -> 1 | AT88: =IF(K88=VLOOKUP(VALUE(K$1),Questions!$A:$E,5,FALSE),1,0) -> 1 | AU88: =IF(L88=VLOOKUP(VALUE(L$1),Questions!$A:$E,5,FALSE),1,0) -> 0 | AV88: =IF(M88=VLOOKUP(VALUE(M$1),Questions!$A:$E,5,FALSE),1,0) -> 0 | AW88: =IF(N88=VLOOKUP(VALUE(N$1),Questions!$A:$E,5,FALSE),1,0) -> 1 | ... BQ88: =IF(AH88=VLOOKUP(VALUE(AH$1),Questions!$A:$E,5,FALSE),1,0) -> 0
A89: Sourial | B89: 10 | C89: 6 | D89: 88 | G89: 3 | H89: 1 | I89: 3 | J89: 2 | K89: 1 | L89: 3 | M89: 3 | N89: 2 | O89: 1 | P89: 3 | Q89: 1 | R89: 4 | S89: 1 | T89: 2 | U89: 4 | V89: 3 | W89: 4 | X89: 3 | Y89: 1 | Z89: 3 | AA89: 1 | AB89: 2 | AC89: 1 | AD89: 1 | AE89: 2 | AF89: 3 | AG89: 2 | AH89: 1 | AI89: 1 | AJ89: 0 | AL89: 1 | AM89: 1 | AP89: =IF(G89=VLOOKUP(VALUE(G$1),Questions!$A:$E,5,FALSE),1,0) -> 0 | AQ89: =IF(H89=VLOOKUP(VALUE(H$1),Questions!$A:$E,5,FALSE),1,0) -> 1 | AR89: =IF(I89=VLOOKUP(VALUE(I$1),Questions!$A:$E,5,FALSE),1,0) -> 1 | AS89: =IF(J89=VLOOKUP(VALUE(J$1),Questions!$A:$E,5,FALSE),1,0) -> 1 | AT89: =IF(K89=VLOOKUP(VALUE(K$1),Questions!$A:$E,5,FALSE),1,0) -> 1 | AU89: =IF(L89=VLOOKUP(VALUE(L$1),Questions!$A:$E,5,FALSE),1,0) -> 1 | AV89: =IF(M89=VLOOKUP(VALUE(M$1),Questions!$A:$E,5,FALSE),1,0) -> 0 | AW89: =IF(N89=VLOOKUP(VALUE(N$1),Questions!$A:$E,5,FALSE),1,0) -> 0 | ... BQ89: =IF(AH89=VLOOKUP(VALUE(AH$1),Questions!$A:$E,5,FALSE),1,0) -> 0
A90: Sourial | B90: 10 | C90: 6 | D90: 89 | G90: 4 | H90: 1 | I90: 3 | J90: 2 | K90: 3 | L90: 3 | M90: 2 | N90: 3 | O90: 1 | P90: 2 | Q90: 1 | R90: 4 | S90: 2 | T90: 2 | U90: 4 | V90: 4 | W90: 4 | X90: 2 | Y90: 1 | Z90: 3 | AA90: 4 | AB90: 2 | AC90: 2 | AD90: 3 | AE90: 4 | AF90: 4 | AG90: 1 | AH90: 2 | AI90: 1 | AJ90: 0 | AK90: 0 | AL90: 1 | AM90: 1 | AN90: 0 | AO90: 1 | AP90: =IF(G90=VLOOKUP(VALUE(G$1),Questions!$A:$E,5,FALSE),1,0) -> 1 | AQ90: =IF(H90=VLOOKUP(VALUE(H$1),Questions!$A:$E,5,FALSE),1,0) -> 1 | AR90: =IF(I90=VLOOKUP(VALUE(I$1),Questions!$A:$E,5,FALSE),1,0) -> 1 | AS90: =IF(J90=VLOOKUP(VALUE(J$1),Questions!$A:$E,5,FALSE),1,0) -> 1 | AT90: =IF(K90=VLOOKUP(VALUE(K$1),Questions!$A:$E,5,FALSE),1,0) -> 0 | AU90: =IF(L90=VLOOKUP(VALUE(L$1),Questions!$A:$E,5,FALSE),1,0) -> 1 | AV90: =IF(M90=VLOOKUP(VALUE(M$1),Questions!$A:$E,5,FALSE),1,0) -> 1 | AW90: =IF(N90=VLOOKUP(VALUE(N$1),Questions!$A:$E,5,FALSE),1,0) -> 1 | ... BQ90: =IF(AH90=VLOOKUP(VALUE(AH$1),Questions!$A:$E,5,FALSE),1,0) -> 1
A91: Sourial | B91: 10 | C91: 6 | D91: 90 | G91: 4 | H91: 1 | I91: 2 | J91: 2 | K91: 1 | L91: 2 | M91: 2 | N91: 1 | O91: 3 | P91: 4 | Q91: 1 | R91: 4 | S91: 1 | T91: 3 | U91: 3 | V91: 3 | W91: 4 | X91: 3 | Y91: 1 | Z91: 3 | AA91: 4 | AB91: 2 | AC91: 2 | AD91: 1 | AE91: 4 | AF91: 4 | AG91: 1 | AH91: 4 | AI91: 1 | AJ91: 0 | AK91: 0 | AL91: 1 | AM91: 1 | AN91: 1 | AO91: 1 | AP91: =IF(G91=VLOOKUP(VALUE(G$1),Questions!$A:$E,5,FALSE),1,0) -> 1 | AQ91: =IF(H91=VLOOKUP(VALUE(H$1),Questions!$A:$E,5,FALSE),1,0) -> 1 | AR91: =IF(I91=VLOOKUP(VALUE(I$1),Questions!$A:$E,5,FALSE),1,0) -> 0 | AS91: =IF(J91=VLOOKUP(VALUE(J$1),Questions!$A:$E,5,FALSE),1,0) -> 1 | AT91: =IF(K91=VLOOKUP(VALUE(K$1),Questions!$A:$E,5,FALSE),1,0) -> 1 | AU91: =IF(L91=VLOOKUP(VALUE(L$1),Questions!$A:$E,5,FALSE),1,0) -> 0 | AV91: =IF(M91=VLOOKUP(VALUE(M$1),Questions!$A:$E,5,FALSE),1,0) -> 1 | AW91: =IF(N91=VLOOKUP(VALUE(N$1),Questions!$A:$E,5,FALSE),1,0) -> 0 | ... BQ91: =IF(AH91=VLOOKUP(VALUE(AH$1),Questions!$A:$E,5,FALSE),1,0) -> 0
A92: Sourial | B92: 10 | C92: 6 | D92: 91 | G92: 4 | H92: 1 | I92: 3 | J92: 2 | K92: 3 | L92: 3 | M92: 2 | N92: 3 | O92: 1 | P92: 3 | Q92: 1 | R92: 4 | S92: 2 | T92: 2 | U92: 4 | V92: 3 | W92: 4 | X92: 3 | Y92: 1 | Z92: 3 | AA92: 4 | AB92: 2 | AC92: 2 | AD92: 3 | AE92: 2 | AF92: 4 | AG92: 2 | AH92: 2 | AI92: 1 | AJ92: 1 | AK92: 0 | AL92: 0 | AP92: =IF(G92=VLOOKUP(VALUE(G$1),Questions!$A:$E,5,FALSE),1,0) -> 1 | AQ92: =IF(H92=VLOOKUP(VALUE(H$1),Questions!$A:$E,5,FALSE),1,0) -> 1 | AR92: =IF(I92=VLOOKUP(VALUE(I$1),Questions!$A:$E,5,FALSE),1,0) -> 1 | AS92: =IF(J92=VLOOKUP(VALUE(J$1),Questions!$A:$E,5,FALSE),1,0) -> 1 | AT92: =IF(K92=VLOOKUP(VALUE(K$1),Questions!$A:$E,5,FALSE),1,0) -> 0 | AU92: =IF(L92=VLOOKUP(VALUE(L$1),Questions!$A:$E,5,FALSE),1,0) -> 1 | AV92: =IF(M92=VLOOKUP(VALUE(M$1),Questions!$A:$E,5,FALSE),1,0) -> 1 | AW92: =IF(N92=VLOOKUP(VALUE(N$1),Questions!$A:$E,5,FALSE),1,0) -> 1 | ... BQ92: =IF(AH92=VLOOKUP(VALUE(AH$1),Questions!$A:$E,5,FALSE),1,0) -> 1
A93: Sourial | B93: 10 | C93: 6 | D93: 92 | G93: 3 | H93: 3 | I93: 3 | J93: 2 | K93: 1 | L93: 3 | M93: 2 | N93: 3 | O93: 1 | P93: 4 | Q93: 1 | R93: 4 | S93: 3 | T93: 2 | U93: 2 | V93: 3 | W93: 4 | X93: 3 | Y93: 1 | Z93: 3 | AA93: 3 | AB93: 2 | AC93: 2 | AD93: 3 | AE93: 3 | AF93: 2 | AG93: 2 | AH93: 3 | AI93: 0 | AJ93: 1 | AK93: 1 | AL93: 0 | AM93: 1 | AN93: 1 | AO93: 1 | AP93: =IF(G93=VLOOKUP(VALUE(G$1),Questions!$A:$E,5,FALSE),1,0) -> 0 | AQ93: =IF(H93=VLOOKUP(VALUE(H$1),Questions!$A:$E,5,FALSE),1,0) -> 0 | AR93: =IF(I93=VLOOKUP(VALUE(I$1),Questions!$A:$E,5,FALSE),1,0) -> 1 | AS93: =IF(J93=VLOOKUP(VALUE(J$1),Questions!$A:$E,5,FALSE),1,0) -> 1 | AT93: =IF(K93=VLOOKUP(VALUE(K$1),Questions!$A:$E,5,FALSE),1,0) -> 1 | AU93: =IF(L93=VLOOKUP(VALUE(L$1),Questions!$A:$E,5,FALSE),1,0) -> 1 | AV93: =IF(M93=VLOOKUP(VALUE(M$1),Questions!$A:$E,5,FALSE),1,0) -> 1 | AW93: =IF(N93=VLOOKUP(VALUE(N$1),Questions!$A:$E,5,FALSE),1,0) -> 1 | ... BQ93: =IF(AH93=VLOOKUP(VALUE(AH$1),Questions!$A:$E,5,FALSE),1,0) -> 0
A94: Sourial | B94: 10 | C94: 6 | D94: 93 | G94: 4 | H94: 3 | I94: 3 | J94: 2 | K94: 1 | L94: 3 | M94: 2 | N94: 4 | O94: 2 | P94: 3 | Q94: 1 | R94: 4 | S94: 2 | T94: 3 | U94: 4 | V94: 4 | W94: 3 | X94: 3 | Y94: 1 | Z94: 3 | AA94: 4 | AB94: 2 | AC94: 2 | AD94: 3 | AE94: 2 | AF94: 4 | AG94: 3 | AH94: 1 | AI94: 1 | AJ94: 1 | AK94: 1 | AL94: 1 | AM94: 1 | AP94: =IF(G94=VLOOKUP(VALUE(G$1),Questions!$A:$E,5,FALSE),1,0) -> 1 | AQ94: =IF(H94=VLOOKUP(VALUE(H$1),Questions!$A:$E,5,FALSE),1,0) -> 0 | AR94: =IF(I94=VLOOKUP(VALUE(I$1),Questions!$A:$E,5,FALSE),1,0) -> 1 | AS94: =IF(J94=VLOOKUP(VALUE(J$1),Questions!$A:$E,5,FALSE),1,0) -> 1 | AT94: =IF(K94=VLOOKUP(VALUE(K$1),Questions!$A:$E,5,FALSE),1,0) -> 1 | AU94: =IF(L94=VLOOKUP(VALUE(L$1),Questions!$A:$E,5,FALSE),1,0) -> 1 | AV94: =IF(M94=VLOOKUP(VALUE(M$1),Questions!$A:$E,5,FALSE),1,0) -> 1 | AW94: =IF(N94=VLOOKUP(VALUE(N$1),Questions!$A:$E,5,FALSE),1,0) -> 0 | ... BQ94: =IF(AH94=VLOOKUP(VALUE(AH$1),Questions!$A:$E,5,FALSE),1,0) -> 0
A95: Sourial | B95: 10 | C95: 6 | D95: 94 | G95: 1 | H95: 1 | I95: 3 | J95: 3 | K95: 3 | L95: 1 | M95: 4 | N95: 1 | O95: 2 | P95: 2 | Q95: 1 | R95: 2 | S95: 4 | T95: 2 | U95: 4 | V95: 2 | W95: 1 | X95: 3 | Y95: 1 | Z95: 4 | AA95: 1 | AB95: 3 | AC95: 1 | AD95: 3 | AE95: 1 | AF95: 3 | AG95: 3 | AH95: 2 | AI95: 0 | AJ95: 0 | AK95: 0 | AL95: 0 | AM95: 1 | AN95: 0 | AO95: 0 | AP95: =IF(G95=VLOOKUP(VALUE(G$1),Questions!$A:$E,5,FALSE),1,0) -> 0 | AQ95: =IF(H95=VLOOKUP(VALUE(H$1),Questions!$A:$E,5,FALSE),1,0) -> 1 | AR95: =IF(I95=VLOOKUP(VALUE(I$1),Questions!$A:$E,5,FALSE),1,0) -> 1 | AS95: =IF(J95=VLOOKUP(VALUE(J$1),Questions!$A:$E,5,FALSE),1,0) -> 0 | AT95: =IF(K95=VLOOKUP(VALUE(K$1),Questions!$A:$E,5,FALSE),1,0) -> 0 | AU95: =IF(L95=VLOOKUP(VALUE(L$1),Questions!$A:$E,5,FALSE),1,0) -> 0 | AV95: =IF(M95=VLOOKUP(VALUE(M$1),Questions!$A:$E,5,FALSE),1,0) -> 0 | AW95: =IF(N95=VLOOKUP(VALUE(N$1),Questions!$A:$E,5,FALSE),1,0) -> 0 | ... BQ95: =IF(AH95=VLOOKUP(VALUE(AH$1),Questions!$A:$E,5,FALSE),1,0) -> 1
A96: Sourial | B96: 10 | C96: 6 | D96: 95 | G96: 4 | H96: 1 | I96: 4 | J96: 2 | K96: 1 | L96: 1 | M96: 2 | N96: 4 | O96: 1 | P96: 4 | Q96: 1 | R96: 4 | S96: 3 | T96: 2 | U96: 4 | V96: 3 | W96: 1 | X96: 3 | Y96: 4 | Z96: 3 | AA96: 2 | AB96: 2 | AC96: 2 | AD96: 1 | AE96: 2 | AF96: 1 | AG96: 2 | AH96: 1 | AI96: 1 | AJ96: 1 | AK96: 0 | AL96: 1 | AM96: 1 | AN96: 1 | AO96: 1 | AP96: =IF(G96=VLOOKUP(VALUE(G$1),Questions!$A:$E,5,FALSE),1,0) -> 1 | AQ96: =IF(H96=VLOOKUP(VALUE(H$1),Questions!$A:$E,5,FALSE),1,0) -> 1 | AR96: =IF(I96=VLOOKUP(VALUE(I$1),Questions!$A:$E,5,FALSE),1,0) -> 0 | AS96: =IF(J96=VLOOKUP(VALUE(J$1),Questions!$A:$E,5,FALSE),1,0) -> 1 | AT96: =IF(K96=VLOOKUP(VALUE(K$1),Questions!$A:$E,5,FALSE),1,0) -> 1 | AU96: =IF(L96=VLOOKUP(VALUE(L$1),Questions!$A:$E,5,FALSE),1,0) -> 0 | AV96: =IF(M96=VLOOKUP(VALUE(M$1),Questions!$A:$E,5,FALSE),1,0) -> 1 | AW96: =IF(N96=VLOOKUP(VALUE(N$1),Questions!$A:$E,5,FALSE),1,0) -> 0 | ... BQ96: =IF(AH96=VLOOKUP(VALUE(AH$1),Questions!$A:$E,5,FALSE),1,0) -> 0
A97: Sourial | B97: 10 | C97: 6 | D97: 96 | G97: 2 | H97: 3 | I97: 4 | J97: 1 | K97: 1 | L97: 1 | M97: 2 | N97: 1 | O97: 2 | P97: 4 | Q97: 3 | R97: 4 | S97: 3 | T97: 3 | U97: 1 | V97: 4 | W97: 1 | X97: 3 | Y97: 2 | Z97: 4 | AA97: 1 | AB97: 3 | AC97: 2 | AD97: 4 | AE97: 1 | AF97: 4 | AG97: 2 | AH97: 2 | AI97: 0 | AJ97: 0 | AK97: 0 | AL97: 0 | AM97: 0 | AN97: 0 | AO97: 0 | AP97: =IF(G97=VLOOKUP(VALUE(G$1),Questions!$A:$E,5,FALSE),1,0) -> 0 | AQ97: =IF(H97=VLOOKUP(VALUE(H$1),Questions!$A:$E,5,FALSE),1,0) -> 0 | AR97: =IF(I97=VLOOKUP(VALUE(I$1),Questions!$A:$E,5,FALSE),1,0) -> 0 | AS97: =IF(J97=VLOOKUP(VALUE(J$1),Questions!$A:$E,5,FALSE),1,0) -> 0 | AT97: =IF(K97=VLOOKUP(VALUE(K$1),Questions!$A:$E,5,FALSE),1,0) -> 1 | AU97: =IF(L97=VLOOKUP(VALUE(L$1),Questions!$A:$E,5,FALSE),1,0) -> 0 | AV97: =IF(M97=VLOOKUP(VALUE(M$1),Questions!$A:$E,5,FALSE),1,0) -> 1 | AW97: =IF(N97=VLOOKUP(VALUE(N$1),Questions!$A:$E,5,FALSE),1,0) -> 0 | ... BQ97: =IF(AH97=VLOOKUP(VALUE(AH$1),Questions!$A:$E,5,FALSE),1,0) -> 1
A98: Sourial | B98: 10 | C98: 6 | D98: 97 | G98: 4 | H98: 3 | I98: 3 | J98: 2 | K98: 3 | L98: 4 | M98: 4 | N98: 2 | O98: 1 | P98: 4 | Q98: 1 | R98: 4 | S98: 3 | T98: 3 | U98: 4 | V98: 1 | W98: 2 | X98: 2 | Y98: 4 | Z98: 1 | AA98: 1 | AB98: 2 | AC98: 3 | AD98: 4 | AE98: 4 | AF98: 4 | AG98: 2 | AH98: 1 | AP98: =IF(G98=VLOOKUP(VALUE(G$1),Questions!$A:$E,5,FALSE),1,0) -> 1 | AQ98: =IF(H98=VLOOKUP(VALUE(H$1),Questions!$A:$E,5,FALSE),1,0) -> 0 | AR98: =IF(I98=VLOOKUP(VALUE(I$1),Questions!$A:$E,5,FALSE),1,0) -> 1 | AS98: =IF(J98=VLOOKUP(VALUE(J$1),Questions!$A:$E,5,FALSE),1,0) -> 1 | AT98: =IF(K98=VLOOKUP(VALUE(K$1),Questions!$A:$E,5,FALSE),1,0) -> 0 | AU98: =IF(L98=VLOOKUP(VALUE(L$1),Questions!$A:$E,5,FALSE),1,0) -> 0 | AV98: =IF(M98=VLOOKUP(VALUE(M$1),Questions!$A:$E,5,FALSE),1,0) -> 0 | AW98: =IF(N98=VLOOKUP(VALUE(N$1),Questions!$A:$E,5,FALSE),1,0) -> 0 | ... BQ98: =IF(AH98=VLOOKUP(VALUE(AH$1),Questions!$A:$E,5,FALSE),1,0) -> 0
A99: Sourial | B99: 10 | C99: 6 | D99: 98 | G99: 3 | H99: 1 | I99: 1 | J99: 2 | K99: 1 | L99: 1 | M99: 2 | N99: 4 | O99: 1 | P99: 4 | Q99: 1 | R99: 4 | S99: 3 | T99: 2 | U99: 3 | V99: 3 | W99: 4 | X99: 4 | Y99: 1 | Z99: 3 | AA99: 1 | AB99: 2 | AC99: 2 | AD99: 3 | AE99: 2 | AF99: 1 | AG99: 2 | AH99: 2 | AI99: 0 | AJ99: 1 | AK99: 1 | AL99: 1 | AM99: 1 | AP99: =IF(G99=VLOOKUP(VALUE(G$1),Questions!$A:$E,5,FALSE),1,0) -> 0 | AQ99: =IF(H99=VLOOKUP(VALUE(H$1),Questions!$A:$E,5,FALSE),1,0) -> 1 | AR99: =IF(I99=VLOOKUP(VALUE(I$1),Questions!$A:$E,5,FALSE),1,0) -> 0 | AS99: =IF(J99=VLOOKUP(VALUE(J$1),Questions!$A:$E,5,FALSE),1,0) -> 1 | AT99: =IF(K99=VLOOKUP(VALUE(K$1),Questions!$A:$E,5,FALSE),1,0) -> 1 | AU99: =IF(L99=VLOOKUP(VALUE(L$1),Questions!$A:$E,5,FALSE),1,0) -> 0 | AV99: =IF(M99=VLOOKUP(VALUE(M$1),Questions!$A:$E,5,FALSE),1,0) -> 1 | AW99: =IF(N99=VLOOKUP(VALUE(N$1),Questions!$A:$E,5,FALSE),1,0) -> 0 | ... BQ99: =IF(AH99=VLOOKUP(VALUE(AH$1),Questions!$A:$E,5,FALSE),1,0) -> 1
A100: Sourial | B100: 10 | C100: 6 | D100: 99 | G100: 4 | H100: 1 | I100: 3 | AP100: =IF(G100=VLOOKUP(VALUE(G$1),Questions!$A:$E,5,FALSE),1,0) -> 1 | AQ100: =IF(H100=VLOOKUP(VALUE(H$1),Questions!$A:$E,5,FALSE),1,0) -> 1 | AR100: =IF(I100=VLOOKUP(VALUE(I$1),Questions!$A:$E,5,FALSE),1,0) -> 1 | AS100: =IF(J100=VLOOKUP(VALUE(J$1),Questions!$A:$E,5,FALSE),1,0) -> 0 | AT100: =IF(K100=VLOOKUP(VALUE(K$1),Questions!$A:$E,5,FALSE),1,0) -> 0 | AU100: =IF(L100=VLOOKUP(VALUE(L$1),Questions!$A:$E,5,FALSE),1,0) -> 0 | AV100: =IF(M100=VLOOKUP(VALUE(M$1),Questions!$A:$E,5,FALSE),1,0) -> 0 | AW100: =IF(N100=VLOOKUP(VALUE(N$1),Questions!$A:$E,5,FALSE),1,0) -> 0 | ... BQ100: =IF(AH100=VLOOKUP(VALUE(AH$1),Questions!$A:$E,5,FALSE),1,0) -> 0
...

Sheet Questions
A1: # | B1: Part | C1: Stimulus | D1: Question | E1: Answer | F1: Full Answer | G1: Stimulus Type | H1: Source Type | I1: Task Model | J1: Skill | K1: Content | L1: Need OI? | M1: Option 1 | N1: Option 2 | O1: Option 3 | P1: Option 4 | Q1: Pct_correct
A2: 1 | B2: Part I | C2: John W. Dower, “Throwing Off Asia ,” Massachusetts Institute of Technology, 2008 | D2: What claim is best supported by this passage? | E2: 4 | F2: Japan experienced a period of cultural development despite its isolation. | G2: Text-based | H2: Secondary | I2: 4. Claim Validity (Without Outside Information) | J2: A. Gathering, Interpreting, and Using Evidence | K2: 10.01b.1 | L2: No | M2: Japan challenged China for supremacy in Asia. | N2: Japan relied on natural resources for industrial growth. | O2: Japan made great industrial and territorial gains that rivaled world powers. | P2: Japan experienced a period of cultural development despite its isolation. | Q2: =AVERAGE(INDEX(Scores[#Data],0,MATCH("Q"&$A2,Scores[#Headers],0))) -> 0.71153846
A3: 2 | B3: Part I | C3: John W. Dower, “Throwing Off Asia ,” Massachusetts Institute of Technology, 2008 | D3: This passage best describes which development in Japanese history? | E3: 1 | F3: the rule of the Tokugawa Shogunate | G3: Text-based | H3: Secondary | I3: 1. Best Use | J3: A. Gathering, Interpreting, and Using Evidence | K3: 10.01b.1 | L3: Yes | M3: the rule of the Tokugawa Shogunate | N3: the arrival of Commodore Matthew Perry | O3: the Meiji Restoration | P3: the annexation of Korea | Q3: =AVERAGE(INDEX(Scores[#Data],0,MATCH("Q"&$A3,Scores[#Headers],0))) -> 0.70192308
A4: 3 | B4: Part I | C4: Declaration of the Rights of Man and of the Citizen, 1789 | D4: Which group would be most likely to support the ideas presented in this document? | E4: 3 | F4: the Third Estate | G4: Text-based | H4: Primary | I4: 14. Stakeholder Issue | J4: C. Comparison and Contextualization | K4: 10.02c.1 | L4: Yes | M4: the nobility | N4: the clergy | O4: the Third Estate | P4: the royal officials | Q4: =AVERAGE(INDEX(Scores[#Data],0,MATCH("Q"&$A4,Scores[#Headers],0))) -> 0.80769231
A5: 4 | B5: Part I | C5: Declaration of the Rights of Man and of the Citizen, 1789 | D5: Which claim is best supported by this document? | E5: 2 | F5: The rights of all citizens should be respected with fairness and justice. | G5: Text-based | H5: Primary | I5: 4. Claim Validity (Without Outside Information) | J5: A. Gathering, Interpreting, and Using Evidence | K5: 10.02c.1 | L5: No | M5: People arrested should be presumed guilty until proven innocent. | N5: The rights of all citizens should be respected with fairness and justice. | O5: Religious practices should be limited by the government. | P5: Freedom of speech should be restricted for the public good. | Q5: =AVERAGE(INDEX(Scores[#Data],0,MATCH("Q"&$A5,Scores[#Headers],0))) -> 0.83653846
A6: 5 | B6: Part I | C6: Henry Brun et al., Global History and Geography, Amsco, 2004 (adapted) | D6: The situation shown on this map was most infl uenced by the | E6: 1 | F6: French Revolution | G6: Map-based | H6: Secondary | I6: 7. Cause | J6: B. Chronological Reasoning and Causation | K6: 10.02c.2 | L6: Yes | M6: French Revolution | N6: German Unification | O6: Balfour Declaration | P6: Treaty of Versailles | Q6: =AVERAGE(INDEX(Scores[#Data],0,MATCH("Q"&$A6,Scores[#Headers],0))) -> 0.57692308
A7: 6 | B7: Part I | C7: Henry Brun et al., Global History and Geography, Amsco, 2004 (adapted) | D7: Which claim about Latin America is best supported by the information on this map? | E7: 3 | F7: Nationalism became a growing force during the 19th century. | G7: Map-based | H7: Secondary | I7: 13. Interpret Visual Data | J7: A. Gathering, Interpreting, and Using Evidence | K7: 10.02c.2 | L7: No | M7: European countries had control over most of the region until World War I. | N7: Most independence movements occurred in the 20th century. | O7: Nationalism became a growing force during the 19th century. | P7: Most countries gained independence before the Haitian Revolution. | Q7: =AVERAGE(INDEX(Scores[#Data],0,MATCH("Q"&$A7,Scores[#Headers],0))) -> 0.50961538
A8: 7 | B8: Part I | C8: “The Industrial Revolution and the Changing Face of Britain,” The British Museum online | D8: This passage would be most useful for | E8: 2 | F8: explaining the economic benefi ts of the Agricultural Revolution in Britain | G8: Text-based | H8: Secondary | I8: 1. Best Use | J8: A. Gathering, Interpreting, and Using Evidence | K8: 10.03a.1 | L8: Yes | M8: studying how urbanization affected British government policies | N8: explaining the economic benefits of the Agricultural Revolution in Britain | O8: analyzing the distribution of natural resources in Britain | P8: understanding how the Agricultural Revolution led to British imperialism | Q8: =AVERAGE(INDEX(Scores[#Data],0,MATCH("Q"&$A8,Scores[#Headers],0))) -> 0.73076923
A9: 8 | B9: Part I | C9: “The Industrial Revolution and the Changing Face of Britain,” The British Museum online | D9: What was one way British farmers responded to the changes described in this passage? | E9: 3 | F9: Farmers specialized based on their location | G9: Text-based | H9: Secondary | I9: 18. Response to Problem | J9: B. Chronological Reasoning and Causation | K9: 10.03a.1 | L9: No | M9: The enclosure system was eliminated. | N9: Agricultural productivity in Britain decreased. | O9: Farmers specialized based on their location. | P9: Most farmers in the provinces fled to the countryside. | Q9: =AVERAGE(INDEX(Scores[#Data],0,MATCH("Q"&$A9,Scores[#Headers],0))) -> 0.59615385
A10: 9 | B10: Part I | C10: Punch, July 3, 1858 | D10: Which statement best explains the cartoonist’s perspective of conditions in London during this time period? | E10: 1 | F10: Industrialization led to contamination of water supplies and illness. | G10: Visual-based | H10: Primary | I10: 2. POV | J10: A. Gathering, Interpreting, and Using Evidence | K10: 10.09c.3 | L10: No | M10: Industrialization led to contamination of water supplies and illness. | N10: The growth of factories contributed to poor working conditions. | O10: Urbanization caused a scarcity of food and mass starvation. | P10: The church offered support to those living in urban poverty. | Q10: =AVERAGE(INDEX(Scores[#Data],0,MATCH("Q"&$A10,Scores[#Headers],0))) -> 0.74038462
A11: 10 | B11: Part I | C11: Punch, July 3, 1858 | D11: What was the cartoonist’s purpose in creating this illustration? | E11: 3 | F11: to encourage the government to make reforms | G11: Visual-based | H11: Primary | I11: 2. POV | J11: A. Gathering, Interpreting, and Using Evidence | K11: 10.09c.3 | L11: No | M11: to attract people to settle in London | N11: to promote Queen Victoria's humanitarian efforts | O11: to encourage the government to make reforms | P11: to raise public awareness of the impacts of irrigation | Q11: =AVERAGE(INDEX(Scores[#Data],0,MATCH("Q"&$A11,Scores[#Headers],0))) -> 0.43269231
A12: 11 | B12: Part I | C12: Kevin Reilly, Worlds of History, Bedford/St. Martin’s, 2007 (adapted) | D12: Based on this map, which two countries acquired the most foreign territory? | E12: 1 | F12: Great Britain and France | G12: Map-based | H12: Secondary | I12: 13. Interpret Visual Data | J12: A. Gathering, Interpreting, and Using Evidence | K12: 10.04a.2 | L12: No | M12: Great Britain and France | N12: the Netherlands and Belgium | O12: Spain and Portugal | P12: Germany and Italy | Q12: =AVERAGE(INDEX(Scores[#Data],0,MATCH("Q"&$A12,Scores[#Headers],0))) -> 0.84615385
A13: 12 | B13: Part I | C13: Kevin Reilly, Worlds of History, Bedford/St. Martin’s, 2007 (adapted) | D13: The situation shown on this map was caused in part by European nations’ desire to | E13: 4 | F13: obtain raw materials for their industries | G13: Map-based | H13: Secondary | I13: 7. Cause | J13: B. Chronological Reasoning and Causation | K13: 10.04a.2 | L13: Yes | M13: import factory-made goods | N13: encourage immigration into their countries | O13: establish democratic governments worldwide | P13: obtain raw materials for their industries | Q13: =AVERAGE(INDEX(Scores[#Data],0,MATCH("Q"&$A13,Scores[#Headers],0))) -> 0.72115385
... A29: 28 | B29: Part I | C29: Carlotta Gall, “Erdogan’s Plan to Raise a ‘Pious Generation’ Divides Parents in Turkey,” New York Times, June 18, 2018 | D29: Which event led to changes similar to those described in this article? | E29: 2 | F29: the Islamic Revolution of 1979 in Iran | G29: Text-based | H29: Primary | I29: 10. Compare | J29: C. Comparison and Contextualization | K29: 10.08b.1 | L29: Yes | M29: the seizing of the Suez Canal by Gamal Nasser | N29: the Islamic Revolution of 1979 in Iran | O29: the collapse of the Austrian Empire | P29: the partition of India in 1948 | Q29: =AVERAGE(INDEX(Scores[#Data],0,MATCH("Q"&$A29,Scores[#Headers],0))) -> 0.46153846
A30: 29 | B30: Part II | C30: Adam Hochschild, King Leopold’s Ghost, Mariner Books, 1999 | D30: Explain the geographic context for the historical development described in this passage. | G30: Text-based | H30: Secondary | I30: 9. Impact of Setting | K30: 10.04a.1
A31: 30 | B31: Part II | C31: Patrice Lumumba, speech at the ceremony of the proclamation of the Congo’s independence, June 30, 1960 | D31: Based on this passage, explain how the audience affects what Lumumba includes in his speech. | G31: Text-based | H31: Primary | I31: 2. POV | K31: 10.07b.1
A32: 31 | B32: Part II | C32: — | D32: Identify and explain a cause-and-effect relationship between the events and/or ideas found in these documents. Be sure to use evidence from both Documents 1 and 2 in your response.
A33: 32 | B33: Part II | C33: Dr. Sue Gronewold, “The Opium War and Foreign Encroachment,” Asia for Educators, Columbia University | D33: Explain the historical circumstances that led to China’s century of “unequal treaties.” | G33: Text-based | H33: Secondary | I33: 7. Cause | K33: 10.04a.2
A34: 33 | B34: Part II | C34: Wolfgang Lehmacher, “Why China Could Lead the Next Phase of Globalization,” World Economic Forum, November 22, 2016 | D34: Based on this document, identify the author’s point of view regarding China’s economy in the 21st century. | G34: Text-based | H34: Primary | I34: 2. POV | K34: 10.09a.1
A35: 34a | B35: Part II | C35: — | D35: Identify a similarity or a difference in China’s role in the world economy.
A36: 34b | B36: Part II | C36: — | D36: Explain the similarity or difference you identified using evidence from both documents.

Sheet Content Standards
A1: # | B1: Unit / Concept / Content | C1: Unit | D1: Conceptual Understanding | E1: Specifications
A2: 11.01 | B2: Colonial Foundations (1607-1763) | C2: European colonization in North America prompted cultural contact and exchange between diverse peoples; cultural differences and misunderstandings at times led to conflict. A variety of factors contributed to the development of regional differences, including social and racial hierarchies, in colonial America. | D2: European colonization in North America prompted cultural contact and exchange between diverse peoples; cultural differences and misunderstandings at times led to conflict. A variety of factors contributed to the development of regional differences, including social and racial hierarchies, in colonial America.
A3: 10.01 | B3: The World in 1750 | C3: THE WORLD in 1750 | D3: The world in 1750 was marked by powerful Eurasian states and empires, coastal African kingdoms, and growing European maritime empires. The interactions of these states, empires, and kingdoms disrupted regional trade networks and influenced the development of new global trade networks. | E3: The world in 1750 was marked by powerful Eurasian states and empires, coastal African kingdoms, and growing European maritime empires. The interactions of these states, empires, and kingdoms disrupted regional trade networks and influenced the development of new global trade networks.
A4: 10.02 | B4: Enlightenment, Revolution, & Nationalism | C4: ENLIGHTENMENT, REVOLUTION, AND NATIONALISM | D4: The Enlightenment called into question traditional beliefs and inspired widespread political, economic, and social change. This intellectual movement was used to challenge political authorities in Europe and colonial rule in the Americas. These ideals inspired political and social movements. | E4: The Enlightenment called into question traditional beliefs and inspired widespread political, economic, and social change. This intellectual movement was used to challenge political authorities in Europe and colonial rule in the Americas. These ideals inspired political and social movements.
A5: 10.03 | B5: Industrial Revolution | C5: CAUSES AND EFFECTS OF THE INDUSTRIAL REVOLUTION | D5: Innovations in agriculture, production, and transportation led to the Industrial Revolution, which originated in Western Europe and spread over time to Japan and other regions. This led to major population shifts and transformed economic and social systems. | E5: Innovations in agriculture, production, and transportation led to the Industrial Revolution, which originated in Western Europe and spread over time to Japan and other regions. This led to major population shifts and transformed economic and social systems.
A6: 10.04 | B6: Imperialism | C6: IMPERIALISM | D6: Western European interactions with Africa and Asia shifted from limited regional contacts along the coast to greater influence and connections throughout these regions. Competing industrialized states sought to control and transport raw materials and create new markets across the world. | E6: Western European interactions with Africa and Asia shifted from limited regional contacts along the coast to greater influence and connections throughout these regions. Competing industrialized states sought to control and transport raw materials and create new markets across the world.
A7: 10.05 | B7: World Wars (1914-1945) | C7: UNRESOLVED GLOBAL CONFLICT (1914–1945) | D7: World War I and World War II led to geopolitical changes, human and environmental devastation, and attempts to bring stability and peace. | E7: World War I and World War II led to geopolitical changes, human and environmental devastation, and attempts to bring stability and peace.
A8: 10.06 | B8: Cold War (1945-1991) | C8: UNRESOLVED GLOBAL CONFLICT (1945–1991: THE COLD WAR) | D8: The second half of the 20th century was shaped by the Cold War, a legacy of World War II. The United States and the Soviet Union emerged as global superpowers engaged in ideological, political, economic, and military competition. | E8: The second half of the 20th century was shaped by the Cold War, a legacy of World War II. The United States and the Soviet Union emerged as global superpowers engaged in ideological, political, economic, and military competition.
A9: 10.07 | B9: Decolonization & Nationalism (1900's) | C9: DECOLONIZATION AND NATIONALISM (1900–2000) | D9: Nationalist and decolonization movements employed a variety of methods, including nonviolent resistance and armed struggle. Tensions and conflicts often continued after independence as new challenges arose. | E9: Nationalist and decolonization movements employed a variety of methods, including nonviolent resistance and armed struggle. Tensions and conflicts often continued after independence as new challenges arose.
A10: 10.08 | B10: Tradition vs Modernization | C10: TENSIONS BETWEEN TRADITIONAL CULTURES AND MODERNIZATION | D10: Tensions exist between traditional cultures and agents of modernization. Reactions for and against modernization depend on perspective and context. | E10: Tensions exist between traditional cultures and agents of modernization. Reactions for and against modernization depend on perspective and context.
A11: 10.09 | B11: Globalization & Environment | C11: GLOBALIZATION AND A CHANGING GLOBAL ENVIRONMENT (1990–PRESENT) | D11: Technological changes have resulted in a more interconnected world, affecting economic and political relations and in some cases leading to conflict and in others to efforts to cooperate. Globalization and population pressures have led to strains on the environment. | E11: Technological changes have resulted in a more interconnected world, affecting economic and political relations and in some cases leading to conflict and in others to efforts to cooperate. Globalization and population pressures have led to strains on the environment.
A12: 10.1 | B12: Human Rights Violations | C12: HUMAN RIGHTS VIOLATIONS | D12: Since the Holocaust, human rights violations have generated worldwide attention and concern. The United Nations Universal Declaration of Human Rights has provided a set of principles to guide efforts to protect threatened groups Page 27 Grades 9-12 and has served as a lens through which historical occurrences of oppression can be evaluated. | E12: Since the Holocaust, human rights violations have generated worldwide attention and concern. The United Nations Universal Declaration of Human Rights has provided a set of principles to guide efforts to protect threatened groups Page 27 Grades 9-12 and has served as a lens through which historical occurrences of oppression can be evaluated.
A13: 11.02 | B13: Constitutional Foundations (1763–1824) | C13: Growing political and economic tensions led the American colonists to declare their independence from Great Britain. Once independent, the new nation confronted the challenge of creating a stable federal republic. | D13: Growing political and economic tensions led the American colonists to declare their independence from Great Britain. Once independent, the new nation confronted the challenge of creating a stable federal republic.
A14: 10.01a | B14: Eurasian States and Empires ca. 1750 | C14: THE WORLD in 1750 | D14: Powerful Eurasian states and empires faced and responded to challenges ca. 1750. | E14: Powerful Eurasian states and empires faced and responded to challenges ca. 1750.
A15: 10.01a.1 | B15: Mughal & Ottoman (c. 1750) | C15: THE WORLD in 1750 | D15: Powerful Eurasian states and empires faced and responded to challenges ca. 1750. | E15: Students will compare and contrast the Mughal Empire and the Ottoman Empire in 1750 in terms of religious and ethnic tolerance, political organization, and commercial activity.
A16: 10.01a.2 | B16: Tokugawa Shogunate | C16: THE WORLD in 1750 | D16: Powerful Eurasian states and empires faced and responded to challenges ca. 1750. | E16: Students will examine efforts to unify, stabilize, and centralize Japan under the rule of the Tokugawa Shogunate.
A17: 10.01a.3 | B17: Comparing Tokugawa Shogunate & Bourbon Dynasty | C17: THE WORLD in 1750 | D17: Powerful Eurasian states and empires faced and responded to challenges ca. 1750. | E17: Students will compare and contrast the Tokugawa Shogunate in Japan with France under the rule of the Bourbon Dynasty, looking at the role of Edo and Paris/Versailles, attempts to control the daimyo and nobles, and the development of bureaucracies.
A18: 10.01b | B18: Interactions with Outsiders Eurasian States and Empire ca. 1750 | C18: THE WORLD in 1750 | D18: Perceptions of outsiders and interactions with them varied across Eurasia. | E18: Perceptions of outsiders and interactions with them varied across Eurasia.
A19: 10.01b.1 | B19: Tokugawa & Mughal Responses to Outsiders | C19: THE WORLD in 1750 | D19: Perceptions of outsiders and interactions with them varied across Eurasia. | E19: Students will compare and contrast the Tokugawa and Mughal responses to outsiders, with attention to the impacts of those decisions.
A20: 10.01b.2 | B20: Eurasia World Map | C20: THE WORLD in 1750 | D20: Perceptions of outsiders and interactions with them varied across Eurasia. | E20: Students will create a world map showing the extent of European maritime empires, the Russian Empire, the Ottoman Empire, Mughal Empire, China under the Qing Dynasty, Japan under the Tokugawa Shogunate, Ashanti, Benin, and Dahomey ca. 1750.
A21: 10.01b.3 | B21: Comparing Empire's Geography & Power | C21: THE WORLD in 1750 | D21: Perceptions of outsiders and interactions with them varied across Eurasia. | E21: Students will compare the size of these states, empires, and kingdoms relative to the power they wielded in their regions and in the world.
A22: 10.02a | B22: Political Philosophies | C22: ENLIGHTENMENT, REVOLUTION, AND NATIONALISM | D22: Enlightenment thinkers developed political philosophies based on natural laws, which included the concepts of social contract, consent of the governed, and the rights of citizens. | E22: Enlightenment thinkers developed political philosophies based on natural laws, which included the concepts of social contract, consent of the governed, and the rights of citizens.
A23: 10.02a.1 | B23: Political Philosophies | C23: ENLIGHTENMENT, REVOLUTION, AND NATIONALISM | D23: Enlightenment thinkers developed political philosophies based on natural laws, which included the concepts of social contract, consent of the governed, and the rights of citizens. | E23: Students will examine at least three Enlightenment thinkers, including John Locke, Baron de Montesquieu, and Jean-Jacques Rousseau, and key ideas from their written works.
A24: 10.02b | B24: Challenging Tradition | C24: ENLIGHTENMENT, REVOLUTION, AND NATIONALISM | D24: Individuals used Enlightenment ideals to challenge traditional beliefs and secure people’s rights in reform movements, such as women’s rights and abolition; some leaders may be considered enlightened despots. | E24: Individuals used Enlightenment ideals to challenge traditional beliefs and secure people’s rights in reform movements, such as women’s rights and abolition; some leaders may be considered enlightened despots.
A25: 10.02b.1 | B25: Gender & Abolition | C25: ENLIGHTENMENT, REVOLUTION, AND NATIONALISM | D25: Individuals used Enlightenment ideals to challenge traditional beliefs and secure people’s rights in reform movements, such as women’s rights and abolition; some leaders may be considered enlightened despots. | E25: Students will explore the influence of Enlightenment ideals on issues of gender and abolition by examining the ideas of individuals such as Mary Wollstonecraft and William Wilberforce.
... A29: 10.02c.2 | B29: Latin American Revolutions | C29: ENLIGHTENMENT, REVOLUTION, AND NATIONALISM | D29: Individuals and groups drew upon principles of the Enlightenment to spread rebellions and call for revolutions in France and the Americas. | E29: Students will examine the evidence related to the impacts of the French Revolution on resistance and revolutionary movements, noting the roles of Toussaint L'Ouverture and Simon Bolivar.
A30: 11.03 | B30: Expansion, Nationalism, and Sectionalism (1800-1865) | C30: As the nation expanded, growing sectional tensions, especially over slavery, resulted in political and constitutional crises that culminated in the Civil War. | D30: As the nation expanded, growing sectional tensions, especially over slavery, resulted in political and constitutional crises that culminated in the Civil War.
A31: 10.02d | B31: Cultural Identity and Nationalism | C31: ENLIGHTENMENT, REVOLUTION, AND NATIONALISM | D31: Cultural identity and nationalism inspired political movements that attempted to unify people into new nation-states and posed challenges to multinational states. | E31: Cultural identity and nationalism inspired political movements that attempted to unify people into new nation-states and posed challenges to multinational states.
A32: 10.02d.1 | B32: Italy, Germany & Ottoman, Austrian | C32: ENLIGHTENMENT, REVOLUTION, AND NATIONALISM | D32: Cultural identity and nationalism inspired political movements that attempted to unify people into new nation-states and posed challenges to multinational states. | E32: Students will investigate the role of cultural identity and nationalism in the unification of Italy and Germany and in the dissolution of the Ottoman and Austrian Empires.
A33: 10.03a | B33: Economic and Social Revolutions | C33: CAUSES AND EFFECTS OF THE INDUSTRIAL REVOLUTION | D33: Agricultural innovations and technologies enabled people to alter their environment, allowing them to increase and support farming on a large scale. | E33: Agricultural innovations and technologies enabled people to alter their environment, allowing them to increase and support farming on a large scale.
A34: 10.03a.1 | B34: British Agricultural Revolution | C34: CAUSES AND EFFECTS OF THE INDUSTRIAL REVOLUTION | D34: Agricultural innovations and technologies enabled people to alter their environment, allowing them to increase and support farming on a large scale. | E34: Students will examine the agricultural revolution in Great Britain.
A35: 10.03b | B35: Economics & Innovations | C35: CAUSES AND EFFECTS OF THE INDUSTRIAL REVOLUTION | D35: Factors including new economic theories and practices, new sources of energy, and technological innovations influenced the development of new communication and transportation systems and new methods of production. These developments had numerous effects. | E35: Factors including new economic theories and practices, new sources of energy, and technological innovations influenced the development of new communication and transportation systems and new methods of production. These developments had numerous effects.
A36: 10.03b.1 | B36: Industrial Production & Economic Practices | C36: CAUSES AND EFFECTS OF THE INDUSTRIAL REVOLUTION | D36: Factors including new economic theories and practices, new sources of energy, and technological innovations influenced the development of new communication and transportation systems and new methods of production. These developments had numerous effects. | E36: Students will analyze the factors and conditions needed to industrialize and to expand industrial production, as well as shifts in economic practices.
A37: 10.03b.2 | B37: Wealth of Nations | C37: CAUSES AND EFFECTS OF THE INDUSTRIAL REVOLUTION | D37: Factors including new economic theories and practices, new sources of energy, and technological innovations influenced the development of new communication and transportation systems and new methods of production. These developments had numerous effects. | E37: Students will examine the economic theory presented in The Wealth of Nations.
A38: 10.03b.3 | B38: Energy, Technology, Communication, & Transportation | C38: CAUSES AND EFFECTS OF THE INDUSTRIAL REVOLUTION | D38: Factors including new economic theories and practices, new sources of energy, and technological innovations influenced the development of new communication and transportation systems and new methods of production. These developments had numerous effects. | E38: Students will examine changes and innovations in energy, technology, communication, and transportation that enabled industrialization.
A39: 10.03c | B39: Urbanization & Social Impact | C39: CAUSES AND EFFECTS OF THE INDUSTRIAL REVOLUTION | D39: Shifts in population from rural to urban areas led to social changes in class structure, family structure, and the daily lives of people. | E39: Shifts in population from rural to urban areas led to social changes in class structure, family structure, and the daily lives of people.
A40: 10.03c.1 | B40: Comparing Victorian England & Meiji Japan | C40: CAUSES AND EFFECTS OF THE INDUSTRIAL REVOLUTION | D40: Shifts in population from rural to urban areas led to social changes in class structure, family structure, and the daily lives of people. | E40: Students will investigate the social, political, and economic impacts of industrialization in Victorian England and Meiji Japan and compare and contrast them.
A41: 10.03d | B41: Social & Political Reform | C41: CAUSES AND EFFECTS OF THE INDUSTRIAL REVOLUTION | D41: Social and political reform, as well as new ideologies, developed in response to industrial growth. | E41: Social and political reform, as well as new ideologies, developed in response to industrial growth.
A42: 10.03d.1 | B42: Suffrage, Education/ Labor Reforms, & Marxism | C42: CAUSES AND EFFECTS OF THE INDUSTRIAL REVOLUTION | D42: Social and political reform, as well as new ideologies, developed in response to industrial growth. | E42: Students will investigate suffrage, education, and labor reforms, as well as ideologies such as Marxism, that were intended to transform society.
A43: 10.03d.2 | B43: Irish Potato Famine | C43: CAUSES AND EFFECTS OF THE INDUSTRIAL REVOLUTION | D43: Social and political reform, as well as new ideologies, developed in response to industrial growth. | E43: Students will examine the Irish potato famine within the context of the British agricultural revolution and Industrial Revolution.
A44: 11.04 | B44: Post-Civil War Era (1865-1900) | C44: Reconstruction resulted in political reunion and expanded constitutional rights. However, those rights were undermined, and issues of inequality continued for African Americans, women, Native Americans, Mexican Americans, and Chinese immigrants. | D44: Reconstruction resulted in political reunion and expanded constitutional rights. However, those rights were undermined, and issues of inequality continued for African Americans, women, Native Americans, Mexican Americans, and Chinese immigrants.
A45: 10.04a | B45: Europe/Japan & Control of Resources | C45: IMPERIALISM | D45: European industrialized states and Japan sought to play a dominant role in the world and to control natural resources for political, economic, and cultural reasons. | E45: European industrialized states and Japan sought to play a dominant role in the world and to control natural resources for political, economic, and cultural reasons.
A46: 10.04a.1 | B46: Perspectives on Imperialism | C46: IMPERIALISM | D46: European industrialized states and Japan sought to play a dominant role in the world and to control natural resources for political, economic, and cultural reasons. | E46: Students will explore imperialism from a variety of perspectives such as those of missionaries, indigenous peoples, women, merchants/business people, and government officials.
A47: 10.04a.2 | B47: Control & Spheres of Influence in Africa & China | C47: IMPERIALISM | D47: European industrialized states and Japan sought to play a dominant role in the world and to control natural resources for political, economic, and cultural reasons. | E47: Students will trace how imperial powers politically and economically controlled territories and people, including direct and indirect rule in Africa (South Africa, Congo, and one other territory), India, Indochina, and spheres of influence in China.
A48: 10.04b | B48: Resistance & Adaption to Colonial Rule | C48: IMPERIALISM | D48: Those who faced being colonized engaged in varying forms of resistance and adaptation to colonial rule with varying degrees of success. | E48: Those who faced being colonized engaged in varying forms of resistance and adaptation to colonial rule with varying degrees of success.
A49: 10.04b.1 | B49: Resistance in Africa & China | C49: IMPERIALISM | D49: Those who faced being colonized engaged in varying forms of resistance and adaptation to colonial rule with varying degrees of success. | E49: Students will investigate one example of resistance in Africa (Zulu, Ethiopia, or Southern Egypt/Sudan) and one in China (Taiping Rebellion or Boxer Rebellion and the role of Empress Dowager CiXi).
A50: 10.04b.2 | B50: Japanese Reaction to Western Imperialism | C50: IMPERIALISM | D50: Those who faced being colonized engaged in varying forms of resistance and adaptation to colonial rule with varying degrees of success. | E50: Students will investigate how Japan reacted to the threat of Western imperialism in Asia.
A51: 10.04c | B51: International Conflicts over Control (incl. Berlin Conference) | C51: IMPERIALISM | D51: International conflicts developed as imperial powers competed for control. Claims over land often resulted in borders being shifted on political maps, often with little regard for traditional cultures and commerce (e.g., Berlin Conference). | E51: International conflicts developed as imperial powers competed for control. Claims over land often resulted in borders being shifted on political maps, often with little regard for traditional cultures and commerce (e.g., Berlin Conference).
A52: 10.04c.1 | B52: Comparing Geography of Africa (c. 1800-1914) | C52: IMPERIALISM | D52: International conflicts developed as imperial powers competed for control. Claims over land often resulted in borders being shifted on political maps, often with little regard for traditional cultures and commerce (e.g., Berlin Conference). | E52: Students will compare and contrast maps of Africa from ca. 1800 and ca. 1914, noting the changes and continuities of ethnic groups and regions, African states, and European claims.
A53: 10.05a | B53: Nationalism, Imperialism, & Militarism | C53: UNRESOLVED GLOBAL CONFLICT (1914–1945) | D53: International competition, fueled by nationalism, imperialism, and militarism along with shifts in the balance of power and alliances, led to world wars. | E53: International competition, fueled by nationalism, imperialism, and militarism along with shifts in the balance of power and alliances, led to world wars.
A54: 10.05a.1 | B54: Comparing Cause & Effects of the World Wars | C54: UNRESOLVED GLOBAL CONFLICT (1914–1945) | D54: International competition, fueled by nationalism, imperialism, and militarism along with shifts in the balance of power and alliances, led to world wars. | E54: Students will compare and contrast long- and short-term causes and effects of World War I and World War II.
A55: 10.05b | B55: Technological Development | C55: UNRESOLVED GLOBAL CONFLICT (1914–1945) | D55: Technological developments increased the extent of damage and casualties in both World War I and World War II. | E55: Technological developments increased the extent of damage and casualties in both World War I and World War II.
A56: 10.05b.1 | B56: Technological Development & Devastation | C56: UNRESOLVED GLOBAL CONFLICT (1914–1945) | D56: Technological developments increased the extent of damage and casualties in both World War I and World War II. | E56: Students will compare and contrast the technologies utilized in both World War I and World War II, noting the human and environmental devastation.
A57: 10.05c | B57: Total War & International Efforts for Peace | C57: UNRESOLVED GLOBAL CONFLICT (1914–1945) | D57: The devastation of the world wars and use of total war led people to explore ways to prevent future world wars. | E57: The devastation of the world wars and use of total war led people to explore ways to prevent future world wars.
A58: 11.05 | B58: Industrialization and Urbanization (1870-1920) | C58: The United States was transformed from an agrarian to an increasingly industrial and urbanized society. Although this transformation created new economic opportunities, it also created societal problems that were addressed by a variety of reform efforts. | D58: The United States was transformed from an agrarian to an increasingly industrial and urbanized society. Although this transformation created new economic opportunities, it also created societal problems that were addressed by a variety of reform efforts.
A59: 10.05c.1 | B59: Fourteen Points, the Treaty of Versailles, League of Nations, & United Nations | C59: UNRESOLVED GLOBAL CONFLICT (1914–1945) | D59: The devastation of the world wars and use of total war led people to explore ways to prevent future world wars. | E59: Students will examine international efforts to work together to build stability and peace, including Wilson’s Fourteen Points, the Treaty of Versailles, the League of Nations, and the United Nations.
A60: 10.05d | B60: Interwar Nationalism & Ideology | C60: UNRESOLVED GLOBAL CONFLICT (1914–1945) | D60: Nationalism and ideology played a significant role in shaping the period between the world wars. | E60: Nationalism and ideology played a significant role in shaping the period between the world wars.
A61: 10.05d.1 | B61: Russian Revolution, Soviet Union, Lenin & Stalin | C61: UNRESOLVED GLOBAL CONFLICT (1914–1945) | D61: Nationalism and ideology played a significant role in shaping the period between the world wars. | E61: Students will examine the Russian Revolution and the development of Soviet ideology and nationalism under Lenin and Stalin.
A62: 10.05d.2 | B62: Nationalism, the Nazi Party, & Hitler in Germany | C62: UNRESOLVED GLOBAL CONFLICT (1914–1945) | D62: Nationalism and ideology played a significant role in shaping the period between the world wars. | E62: Students will examine the role of nationalism and the development of the National Socialist state under Hitler in Germany.
A63: 10.05d.3 | B63: Nationalism & Militarism in Japan | C63: UNRESOLVED GLOBAL CONFLICT (1914–1945) | D63: Nationalism and ideology played a significant role in shaping the period between the world wars. | E63: Students will examine the role of nationalism and militarism in Japan.
A64: 10.05d.4 | B64: Great Depression & Totalitarian Dictators | C64: UNRESOLVED GLOBAL CONFLICT (1914–1945) | D64: Nationalism and ideology played a significant role in shaping the period between the world wars. | E64: Students will investigate the causes of the Great Depression and its influence on the rise of totalitarian dictators and determine the common characteristics of these dictators.
A65: 10.05e | B65: Atrocities | C65: UNRESOLVED GLOBAL CONFLICT (1914–1945) | D65: Human atrocities and mass murders occurred in this time period. | E65: Human atrocities and mass murders occurred in this time period.
A66: 10.05e.1 | B66: Armenian Genocide, Ukranian Holodomor, & the Holocaust | C66: UNRESOLVED GLOBAL CONFLICT (1914–1945) | D66: Human atrocities and mass murders occurred in this time period. | E66: Students will examine the atrocities against the Armenians; examine the Ukrainian Holodomor, and examine the Holocaust.
A67: 10.06a | B67: Cold War Balance of Power (1945-1991 C.E.) | C67: UNRESOLVED GLOBAL CONFLICT (1945–1991: THE COLD WAR) | D67: The Cold War originated from tensions near the end of World War II as plans for peace were made and implemented. The Cold War was characterized by competition for power and ideological differences between the United States and the Soviet Union. | E67: The Cold War originated from tensions near the end of World War II as plans for peace were made and implemented. The Cold War was characterized by competition for power and ideological differences between the United States and the Soviet Union.
A68: 10.06a.1 | B68: Conceptions of Peace vs the Reality of Post-War Europe | C68: UNRESOLVED GLOBAL CONFLICT (1945–1991: THE COLD WAR) | D68: The Cold War originated from tensions near the end of World War II as plans for peace were made and implemented. The Cold War was characterized by competition for power and ideological differences between the United States and the Soviet Union. | E68: Students will compare and contrast how peace was conceived at Yalta and Potsdam with what happened in Europe in the four years after World War II (i.e., Soviet occupation of Eastern Europe, Truman Doctrine, Berlin blockade, NATO).
A69: 10.06b | B69: Cold War Confrontations and Attempts at Peace | C69: UNRESOLVED GLOBAL CONFLICT (1945–1991: THE COLD WAR) | D69: The Cold War was a period of confrontations and attempts at peaceful coexistence. | E69: The Cold War was a period of confrontations and attempts at peaceful coexistence.
A70: 10.06b.1 | B70: Cuba, Vietnam, Afghanistan | C70: UNRESOLVED GLOBAL CONFLICT (1945–1991: THE COLD WAR) | D70: The Cold War was a period of confrontations and attempts at peaceful coexistence. | E70: Students will investigate the efforts to expand and contain communism in Cuba, Vietnam, and Afghanistan from multiple perspectives.
A71: 11.06 | B71: Rise of American Power (1890-1920) | C71: Numerous factors contributed to the rise of the United States as a world power. Debates over the United States’ role in world affairs increased in response to overseas expansion and involvement in World War I. United States participation in the war had important effects on American society. | D71: Numerous factors contributed to the rise of the United States as a world power. Debates over the United States’ role in world affairs increased in response to overseas expansion and involvement in World War I. United States participation in the war had important effects on American society.
A72: 10.06b.2 | B72: Military Alliances, Nuclear Proliferation, & the Military-Industrial Complex | C72: UNRESOLVED GLOBAL CONFLICT (1945–1991: THE COLD WAR) | D72: The Cold War was a period of confrontations and attempts at peaceful coexistence. | E72: Students will examine the new military alliances, nuclear proliferation, and the rise of the military-industrial complex.
A73: 10.06b.3 | B73: Nonalignment | C73: UNRESOLVED GLOBAL CONFLICT (1945–1991: THE COLD WAR) | D73: The Cold War was a period of confrontations and attempts at peaceful coexistence. | E73: Students will examine the reasons countries such as Egypt and India chose nonalignment.
A74: 10.06b.4 | B74: Détente Perspectives | C74: UNRESOLVED GLOBAL CONFLICT (1945–1991: THE COLD WAR) | D74: The Cold War was a period of confrontations and attempts at peaceful coexistence. | E74: Students will explore the era of détente from both American and Soviet perspectives.
A75: 10.06c | B75: Collapse of Communism and the Breakup of the Soviet Union | C75: UNRESOLVED GLOBAL CONFLICT (1945–1991: THE COLD WAR) | D75: The end of the Cold War and the collapse of the communist bloc in Europe had a global impact. | E75: The end of the Cold War and the collapse of the communist bloc in Europe had a global impact.
A76: 10.06c.1 | B76: Glasnost & Perestroika Reforms | C76: UNRESOLVED GLOBAL CONFLICT (1945–1991: THE COLD WAR) | D76: The end of the Cold War and the collapse of the communist bloc in Europe had a global impact. | E76: Students will investigate the political reforms of glasnost and economic reforms of perestroika.
A77: 10.06c.2 | B77: Impact of Reform on the Soviet Union, Bloc, and the World | C77: UNRESOLVED GLOBAL CONFLICT (1945–1991: THE COLD WAR) | D77: The end of the Cold War and the collapse of the communist bloc in Europe had a global impact. | E77: Students will examine the impacts of those reforms within the Soviet Union, on the Soviet communist bloc, and in the world.
A78: 10.07a | B78: India and Indochina Independence (1931 – 1975 C.E.) | C78: DECOLONIZATION AND NATIONALISM (1900–2000) | D78: Independence movements in India and Indochina developed in response to European control. | E78: Independence movements in India and Indochina developed in response to European control.
A79: 10.07a.1 | B79: Gandhi’s Nonviolent Nationalist Movement, the Muslim League, & Partition | C79: DECOLONIZATION AND NATIONALISM (1900–2000) | D79: Independence movements in India and Indochina developed in response to European control. | E79: Students will explore Gandhi’s nonviolent nationalist movement and nationalist efforts led by the Muslim League aimed at the masses that resulted in a British-partitioned subcontinent.
A80: 10.07a.2 | B80: Comparing Gandhi & Ho Chi Minh | C80: DECOLONIZATION AND NATIONALISM (1900–2000) | D80: Independence movements in India and Indochina developed in response to European control. | E80: Students will compare and contrast the ideologies and methodologies of Gandhi and Ho Chi Minh as nationalist leaders.
A81: 10.07b | B81: African Independence Movements (1884 – 1994 C.E.) | C81: DECOLONIZATION AND NATIONALISM (1900–2000) | D81: African independence movements gained strength as European states struggled economically after World War II. European efforts to limit African nationalist movements were often unsuccessful. | E81: African independence movements gained strength as European states struggled economically after World War II. European efforts to limit African nationalist movements were often unsuccessful.
A82: 10.07b.1 | B82: Ghana, Algeria, and/or Kenya | C82: DECOLONIZATION AND NATIONALISM (1900–2000) | D82: African independence movements gained strength as European states struggled economically after World War II. European efforts to limit African nationalist movements were often unsuccessful. | E82: Students will explore at least two of these three African independence movements: Ghana, Algeria, Kenya.
A83: 10.07c | B83: Conflicts and Change in Middle East | C83: DECOLONIZATION AND NATIONALISM (1900–2000) | D83: Nationalism in the Middle East was often influenced by factors such as religious beliefs and secularism. | E83: Nationalism in the Middle East was often influenced by factors such as religious beliefs and secularism.
... A85: 10.07c.2 | B85: Arab-Israeli Conflict | C85: DECOLONIZATION AND NATIONALISM (1900–2000) | D85: Nationalism in the Middle East was often influenced by factors such as religious beliefs and secularism. | E85: Students will examine the creation of the State of Israel and the Arab-Israeli conflict.
A86: 11.07 | B86: Prosperity and Depression (1920-1939) | C86: The 1920s and 1930s were a time of cultural and economic changes in the nation. During this period, the nation faced significant domestic challenges, including the Great Depression | D86: The 1920s and 1930s were a time of cultural and economic changes in the nation. During this period, the nation faced significant domestic challenges, including the Great Depression
A87: 10.07d | B87: Chinese Communist Revolution | C87: DECOLONIZATION AND NATIONALISM (1900–2000) | D87: Nationalism in China influenced the removal of the imperial regime, led to numerous conflicts, and resulted in the formation of the communist People’s Republic of China. | E87: Nationalism in China influenced the removal of the imperial regime, led to numerous conflicts, and resulted in the formation of the communist People’s Republic of China.
A88: 10.07d.1 | B88: Chinese Civil War, Communist China, & Nationalist Taiwan | C88: DECOLONIZATION AND NATIONALISM (1900–2000) | D88: Nationalism in China influenced the removal of the imperial regime, led to numerous conflicts, and resulted in the formation of the communist People’s Republic of China. | E88: Students will trace the Chinese Civil War, including the role of warlords, nationalists, communists, and the world wars that resulted in the division of China into a communist-run People’s Republic of China and a nationalist-run Taiwan.
A89: 10.07d.2 | B89: Comparing Mao Zedong & Deng Xiaoping | C89: DECOLONIZATION AND NATIONALISM (1900–2000) | D89: Nationalism in China influenced the removal of the imperial regime, led to numerous conflicts, and resulted in the formation of the communist People’s Republic of China. | E89: Students will investigate political, economic, and social policies under Mao Zedong and Deng Xiaoping and compare and contrast these policies.
A90: 10.08a | B90: Tensions Between Traditional Cultures and Modernization | C90: TENSIONS BETWEEN TRADITIONAL CULTURES AND MODERNIZATION | D90: Cultures and countries experience and view modernization differently. For some, it is a change from a traditional rural, agrarian condition to a secular, urban, industrial condition. Some see modernization as a potential threat and others as an opportunity to be met. | E90: Cultures and countries experience and view modernization differently. For some, it is a change from a traditional rural, agrarian condition to a secular, urban, industrial condition. Some see modernization as a potential threat and others as an opportunity to be met.
A91: 10.08a.1 | B91: Changes in Social Roles & Institutions | C91: TENSIONS BETWEEN TRADITIONAL CULTURES AND MODERNIZATION | D91: Cultures and countries experience and view modernization differently. For some, it is a change from a traditional rural, agrarian condition to a secular, urban, industrial condition. Some see modernization as a potential threat and others as an opportunity to be met. | E91: Students will investigate the extent to which urbanization and industrialization have modified the roles of social institutions such as family, religion, education, and government by examining one case study in each of these regions: Africa (e.g., Zimbabwe, Kenya, Nigeria, Sierra Leone), Latin America (e.g., Brazil, Argentina, Chile, Mexico), and Asia (e.g., China, India, Indonesia, South Korea).
A92: 10.08b | B92: Modernization and Traditional Culture | C92: TENSIONS BETWEEN TRADITIONAL CULTURES AND MODERNIZATION | D92: Tensions between agents of modernization and traditional cultures have resulted in ongoing debates within affected societies regarding social norms, gender roles, and the role of authorities and institutions. | E92: Tensions between agents of modernization and traditional cultures have resulted in ongoing debates within affected societies regarding social norms, gender roles, and the role of authorities and institutions.
A93: 10.08b.1 | B93: Comparing Turkey (Kemal Atatürk) & Iran (Pahlavis & the Ayatollahs) | C93: TENSIONS BETWEEN TRADITIONAL CULTURES AND MODERNIZATION | D93: Tensions between agents of modernization and traditional cultures have resulted in ongoing debates within affected societies regarding social norms, gender roles, and the role of authorities and institutions. | E93: Students will investigate, compare, and contrast tensions between modernization and traditional culture in Turkey under the rule of Kemal Atatürk and in Iran under the Pahlavis and the Ayatollahs.
A94: 10.08b.2 | B94: Advancements in Communications & Transportation Effect on Authority | C94: TENSIONS BETWEEN TRADITIONAL CULTURES AND MODERNIZATION | D94: Tensions between agents of modernization and traditional cultures have resulted in ongoing debates within affected societies regarding social norms, gender roles, and the role of authorities and institutions. | E94: Students will explore how changes in technology, such as communication and transportation, have affected interactions between people and those in authority (e.g., efforts to affect change in government policy, engage people in the political process including use of social media, control access to information, and use terrorism as a tactic).
A95: 10.09a | B95: Globalization and an Increasingly Interconnected World | C95: GLOBALIZATION AND A CHANGING GLOBAL ENVIRONMENT (1990–PRESENT) | D95: Technological changes in communication and transportation systems allow for instantaneous interconnections and new networks of exchange between people and places that have lessened the effects of time and distance. | E95: Technological changes in communication and transportation systems allow for instantaneous interconnections and new networks of exchange between people and places that have lessened the effects of time and distance.
A96: 10.09a.1 | B96: Information & Business Changes | C96: GLOBALIZATION AND A CHANGING GLOBAL ENVIRONMENT (1990–PRESENT) | D96: Technological changes in communication and transportation systems allow for instantaneous interconnections and new networks of exchange between people and places that have lessened the effects of time and distance. | E96: Students will explore how information is accessed, exchanged, and controlled and how business is conducted in light of changing technology.
A97: 10.09a.2 | B97: Infectious Diseases Response | C97: GLOBALIZATION AND A CHANGING GLOBAL ENVIRONMENT (1990–PRESENT) | D97: Technological changes in communication and transportation systems allow for instantaneous interconnections and new networks of exchange between people and places that have lessened the effects of time and distance. | E97: Students will investigate the causes and effects of, and responses to, one infectious disease (e.g., malaria, HIV/AIDS).
A98: 10.09b | B98: Globalization: a Contentious Concept | C98: GLOBALIZATION AND A CHANGING GLOBAL ENVIRONMENT (1990–PRESENT) | D98: Globalization is contentious, supported by some and criticized by others. | E98: Globalization is contentious, supported by some and criticized by others.
... A101: 10.09c.1 | B101: Population Growth & Distribution | C101: GLOBALIZATION AND A CHANGING GLOBAL ENVIRONMENT (1990–PRESENT) | D101: Population pressures, industrialization, and urbanization have increased demands for limited natural resources and food resources, often straining the environment. | E101: Students will examine how the world’s population is growing exponentially for numerous reasons and how it is not evenly distributed.
A102: 11.08 | B102: World War II (1935-1945) | C102: The participation of the United States in World War II was a transformative event for the nation and its role in the world. | D102: The participation of the United States in World War II was a transformative event for the nation and its role in the world.
A103: 10.09c.2 | B103: Industrial Agriculture | C103: GLOBALIZATION AND A CHANGING GLOBAL ENVIRONMENT (1990–PRESENT) | D103: Population pressures, industrialization, and urbanization have increased demands for limited natural resources and food resources, often straining the environment. | E103: Students will explore efforts to increase and intensify food production through industrial agriculture (e.g., Green Revolutions, use of fertilizers and pesticides, irrigation, and genetic modifications).
A104: 10.09c.3 | B104: Environmental Strains | C104: GLOBALIZATION AND A CHANGING GLOBAL ENVIRONMENT (1990–PRESENT) | D104: Population pressures, industrialization, and urbanization have increased demands for limited natural resources and food resources, often straining the environment. | E104: Students will examine strains on the environment, such as threats to wildlife and degradation of the physical environment (i.e., desertification, deforestation and pollution) due to population growth, industrialization, and urbanization.
A105: 10.09d | B105: International Possibilities and Conflict | C105: GLOBALIZATION AND A CHANGING GLOBAL ENVIRONMENT (1990–PRESENT) | D105: Globalization has created new possibilities for international cooperation and for international conflict. | E105: Globalization has created new possibilities for international cooperation and for international conflict.
A106: 10.09d.1 | B106: Attempts at Cooperation with the UN, NATO, EU, & NGOs | C106: GLOBALIZATION AND A CHANGING GLOBAL ENVIRONMENT (1990–PRESENT) | D106: Globalization has created new possibilities for international cooperation and for international conflict. | E106: Students will examine the roles of the United Nations (UN), North Atlantic Treaty Organization (NATO), the European Union, nongovernmental organizations (NGOs), and efforts to build coalitions to promote international cooperation to address conflicts and issues. They will also examine the extent to which these efforts were successful.
...

Sheet Task Models
A1: Number | B1: Title | C1: Details | D1: Lookup Key
A2: 1 | B2: Best Use | C2: Students are given a stimulus and asked to evaluate and classify (identify) best use. | D2: =CONCATENATE(A2,". ",B2) -> 1. Best Use
A3: 2 | B3: POV | C3: Students are given a stimulus and asked to identify point of view, purpose, context, bias, format of source, location of source in time and/or place, and/or intended audience of sources using background knowledge. | D3: =CONCATENATE(A3,". ",B3) -> 2. POV
A4: 3 | B4: Claim Validity (With Outside Information) | C4: Students are given a stimulus and asked to identify support for a claim found in the stimulus (bound in the same timeframe/event/space). It must require students to draw on their knowledge rather than on straight comprehension of text. | D4: =CONCATENATE(A4,". ",B4) -> 3. Claim Validity (With Outside Information)
A5: 4 | B5: Claim Validity (Without Outside Information) | C5: Students are given a stimulus and asked to select a plausible claim that logically follows from evidence presented. | D5: =CONCATENATE(A5,". ",B5) -> 4. Claim Validity (Without Outside Information)
A6: 5 | B6: Turning Point | C6: Students are given a stimulus and asked to identify the significance of a turning point in history. | D6: =CONCATENATE(A6,". ",B6) -> 5. Turning Point
A7: 6 | B7: Change Over Time | C7: Students are given a stimulus and asked to identify significance of an event, action, idea, or development as part of change or part of continuity in history. | D7: =CONCATENATE(A7,". ",B7) -> 6. Change Over Time
A8: 7 | B8: Cause | C8: Students are given a stimulus and asked to identify a central cause of the described phenomenon. | D8: =CONCATENATE(A8,". ",B8) -> 7. Cause
A9: 8 | B9: Effect | C9: Students are given a stimulus and asked to identify a central effect of the described phenomenon. | D9: =CONCATENATE(A9,". ",B9) -> 8. Effect
A10: 9 | B10: Impact of Setting | C10: Students are given a stimulus and asked to identify the impact of time and place on an issue or event linked to that stimulus. | D10: =CONCATENATE(A10,". ",B10) -> 9. Impact of Setting
A11: 10 | B11: Compare | C11: Students are given one stimulus or two stimuli and asked to identify a similarity in the described phenomenon (historical development, historical event, geographic setting, economic situation, individual’s action/belief) (implicit comparison). | D11: =CONCATENATE(A11,". ",B11) -> 10. Compare
A12: 11 | B12: Contrast | C12: Students are given one/two stimuli and asked to identify a difference in the described phenomenon (historical development, historical event, geographic setting, economic situation, individual’s action/belief) (implicit comparison). | D12: =CONCATENATE(A12,". ",B12) -> 11. Contrast
A13: 12 | B13: Informed Civic Action | C13: Students are given a stimulus and asked to identify an informed action taken by an individual, group, or government connected to civic activism. | D13: =CONCATENATE(A13,". ",B13) -> 12. Informed Civic Action
... A19: 18 | B19: Response to Problem | C19: Students are given one stimulus or two stimuli and asked to identify a response to a problem (issue). | D19: =CONCATENATE(A19,". ",B19) -> 18. Response to Problem

Sheet Skill Standards
A1: Skill | B1: Subdivision | C1: Detail
A2: A. Gathering, Interpreting, and Using Evidence | B2: 1 | C2: Define and frame questions about events and the world in which we live, form hypotheses as potential answers to these questions, use evidence to answer these questions, and consider and analyze counter-hypotheses.
A3: A. Gathering, Interpreting, and Using Evidence | B3: 2 | C3: Identify, describe, and evaluate evidence about events from diverse sources (including written documents, works of art, photographs, charts and graphs, artifacts, oral traditions, and other primary and secondary sources).
A4: A. Gathering, Interpreting, and Using Evidence | B4: 3 | C4: Analyze evidence in terms of content, authorship, point of view, bias, purpose, format, and audience.
A5: A. Gathering, Interpreting, and Using Evidence | B5: 4 | C5: Describe, analyze, and evaluate arguments of others.
A6: A. Gathering, Interpreting, and Using Evidence | B6: 5 | C6: Make inferences and draw conclusions from evidence.
A7: A. Gathering, Interpreting, and Using Evidence | B7: 6 | C7: Deconstruct and construct plausible and persuasive arguments, using evidence.
A8: A. Gathering, Interpreting, and Using Evidence | B8: 7 | C8: Create meaningful and persuasive understandings of the past by fusing disparate and relevant evidence from primary and secondary sources and drawing connections to the present.
A9: B. Chronological Reasoning and Causation | B9: 1 | C9: Articulate how events are related chronologically to one another in time and explain the ways in which earlier ideas and events may influence subsequent ideas and events.
A10: B. Chronological Reasoning and Causation | B10: 2 | C10: Identify causes and effects using examples from different time periods and courses of study across several grade levels.
A11: B. Chronological Reasoning and Causation | B11: 3 | C11: Identify, analyze, and evaluate the relationship between multiple causes and effects.
A12: B. Chronological Reasoning and Causation | B12: 4 | C12: Distinguish between long-term and immediate causes and multiple effects (time, continuity, and change).
A13: B. Chronological Reasoning and Causation | B13: 5 | C13: Recognize, analyze, and evaluate dynamics of historical continuity and change over periods of time and investigate factors that caused those changes over time.
... A42: F. Civic Participation | B42: 8 | C42: Fulfill social and political responsibilities associated with citizenship in a democratic society and interdependent global community by developing awareness of and/or engaging in the political process.
